timestamp,location,pred
2023-06-30 01:00:00,26001,139.6521105820616
2023-06-30 02:00:00,26001,136.39759622314588
2023-06-30 03:00:00,26001,133.9528387117872
2023-06-30 04:00:00,26001,129.98374699129118
2023-06-30 05:00:00,26001,128.82727209409563
2023-06-30 06:00:00,26001,117.55986213802144
2023-06-30 07:00:00,26001,109.89545703295792
2023-06-30 08:00:00,26001,103.54894039647202
2023-06-30 09:00:00,26001,98.90080103542303
2023-06-30 10:00:00,26001,103.21586947981535
2023-06-30 11:00:00,26001,96.73831340940383
2023-06-30 12:00:00,26001,89.49344475984009
2023-06-30 13:00:00,26001,91.94406548388727
2023-06-30 14:00:00,26001,90.7393572381726
2023-06-30 15:00:00,26001,90.33385205717565
2023-06-30 16:00:00,26001,86.3150308580262
2023-06-30 17:00:00,26001,73.5432418339304
2023-06-30 18:00:00,26001,65.3481283693331
2023-06-30 19:00:00,26001,70.38780903012548
2023-06-30 20:00:00,26001,68.57157444032467
2023-06-30 21:00:00,26001,63.55444356074578
2023-06-30 22:00:00,26001,72.91097184771182
2023-06-30 23:00:00,26001,72.11937074151436
2023-07-01 00:00:00,26001,65.96078692000737
2023-06-30 01:00:00,26003,12.403061697786157
2023-06-30 02:00:00,26003,13.287355479061429
2023-06-30 03:00:00,26003,20.698146308384928
2023-06-30 04:00:00,26003,17.99490872868726
2023-06-30 05:00:00,26003,19.366226565304483
2023-06-30 06:00:00,26003,10.601747973378849
2023-06-30 07:00:00,26003,7.283614387130392
2023-06-30 08:00:00,26003,0.0
2023-06-30 09:00:00,26003,0.3187107737802961
2023-06-30 10:00:00,26003,0.0
2023-06-30 11:00:00,26003,0.0
2023-06-30 12:00:00,26003,0.0
2023-06-30 13:00:00,26003,0.0
2023-06-30 14:00:00,26003,0.0
2023-06-30 15:00:00,26003,0.0
2023-06-30 16:00:00,26003,0.0
2023-06-30 17:00:00,26003,0.0
2023-06-30 18:00:00,26003,0.0
2023-06-30 19:00:00,26003,0.0
2023-06-30 20:00:00,26003,0.0
2023-06-30 21:00:00,26003,0.0
2023-06-30 22:00:00,26003,0.0
2023-06-30 23:00:00,26003,0.0
2023-07-01 00:00:00,26003,0.0
2023-06-30 01:00:00,26005,1125.9153690081994
2023-06-30 02:00:00,26005,1258.100488171804
2023-06-30 03:00:00,26005,1300.6312355941293
2023-06-30 04:00:00,26005,1415.3274291639627
2023-06-30 05:00:00,26005,1476.387330461549
2023-06-30 06:00:00,26005,1473.0195010932716
2023-06-30 07:00:00,26005,1379.2072354436016
2023-06-30 08:00:00,26005,1276.2467405618809
2023-06-30 09:00:00,26005,1192.4374662036967
2023-06-30 10:00:00,26005,1123.0883030722505
2023-06-30 11:00:00,26005,957.3560105316984
2023-06-30 12:00:00,26005,837.94455392452
2023-06-30 13:00:00,26005,762.3569324925047
2023-06-30 14:00:00,26005,598.2970708264116
2023-06-30 15:00:00,26005,533.5737803264481
2023-06-30 16:00:00,26005,482.0816716737121
2023-06-30 17:00:00,26005,318.74653005321795
2023-06-30 18:00:00,26005,218.12412264787463
2023-06-30 19:00:00,26005,159.15728045088576
2023-06-30 20:00:00,26005,98.93333849618178
2023-06-30 21:00:00,26005,48.493669781707496
2023-06-30 22:00:00,26005,0.0
2023-06-30 23:00:00,26005,0.0
2023-07-01 00:00:00,26005,0.0
2023-06-30 01:00:00,26007,35.149415540815866
2023-06-30 02:00:00,26007,36.44328505534539
2023-06-30 03:00:00,26007,38.46093110998374
2023-06-30 04:00:00,26007,38.24598708068814
2023-06-30 05:00:00,26007,41.65768945425522
2023-06-30 06:00:00,26007,40.42893529719275
2023-06-30 07:00:00,26007,42.18173936075884
2023-06-30 08:00:00,26007,41.90430831071861
2023-06-30 09:00:00,26007,39.286916251970574
2023-06-30 10:00:00,26007,40.7224194192146
2023-06-30 11:00:00,26007,35.584681580700675
2023-06-30 12:00:00,26007,29.237423618472537
2023-06-30 13:00:00,26007,32.95793533895074
2023-06-30 14:00:00,26007,29.23790884986745
2023-06-30 15:00:00,26007,27.63330254149702
2023-06-30 16:00:00,26007,21.122252026186786
2023-06-30 17:00:00,26007,11.296181492745433
2023-06-30 18:00:00,26007,2.786530255047097
2023-06-30 19:00:00,26007,2.1178274782606437
2023-06-30 20:00:00,26007,4.734774741563349
2023-06-30 21:00:00,26007,0.5194887420744791
2023-06-30 22:00:00,26007,8.744268715010627
2023-06-30 23:00:00,26007,10.738569748093823
2023-07-01 00:00:00,26007,6.541560797813261
2023-06-30 01:00:00,26009,166.9932283327001
2023-06-30 02:00:00,26009,210.67795036267222
2023-06-30 03:00:00,26009,251.13622058273427
2023-06-30 04:00:00,26009,302.08233608699675
2023-06-30 05:00:00,26009,353.2871607966458
2023-06-30 06:00:00,26009,376.3676503696711
2023-06-30 07:00:00,26009,385.8114933504213
2023-06-30 08:00:00,26009,395.039435317736
2023-06-30 09:00:00,26009,400.85245351416745
2023-06-30 10:00:00,26009,398.63052504227164
2023-06-30 11:00:00,26009,376.68733698701806
2023-06-30 12:00:00,26009,356.95777455534744
2023-06-30 13:00:00,26009,354.90362831689185
2023-06-30 14:00:00,26009,340.39270258018666
2023-06-30 15:00:00,26009,332.79360153368816
2023-06-30 16:00:00,26009,319.2633014887979
2023-06-30 17:00:00,26009,287.9790316793163
2023-06-30 18:00:00,26009,280.76682179836
2023-06-30 19:00:00,26009,276.073394173786
2023-06-30 20:00:00,26009,274.506689828818
2023-06-30 21:00:00,26009,280.24331103785073
2023-06-30 22:00:00,26009,270.9996799221006
2023-06-30 23:00:00,26009,279.1855065969453
2023-07-01 00:00:00,26009,262.1546394399699
2023-06-30 01:00:00,26011,0.0
2023-06-30 02:00:00,26011,2.166903242395925
2023-06-30 03:00:00,26011,27.576813519939492
2023-06-30 04:00:00,26011,44.147249997744
2023-06-30 05:00:00,26011,50.838388753815416
2023-06-30 06:00:00,26011,58.447221385511796
2023-06-30 07:00:00,26011,65.55904228232097
2023-06-30 08:00:00,26011,70.37811788087713
2023-06-30 09:00:00,26011,76.10302614318265
2023-06-30 10:00:00,26011,87.32938013178742
2023-06-30 11:00:00,26011,84.52010601365188
2023-06-30 12:00:00,26011,89.69515275497452
2023-06-30 13:00:00,26011,79.62393253790437
2023-06-30 14:00:00,26011,78.99458741870512
2023-06-30 15:00:00,26011,70.4278810561552
2023-06-30 16:00:00,26011,53.03608261326537
2023-06-30 17:00:00,26011,28.635116670889705
2023-06-30 18:00:00,26011,6.1255692272263005
2023-06-30 19:00:00,26011,0.0
2023-06-30 20:00:00,26011,0.0
2023-06-30 21:00:00,26011,0.0
2023-06-30 22:00:00,26011,0.0
2023-06-30 23:00:00,26011,0.0
2023-07-01 00:00:00,26011,0.0
2023-06-30 01:00:00,26013,61.01065840887573
2023-06-30 02:00:00,26013,54.34050591063421
2023-06-30 03:00:00,26013,52.41474381208215
2023-06-30 04:00:00,26013,45.091645078738914
2023-06-30 05:00:00,26013,37.123700778858996
2023-06-30 06:00:00,26013,40.168676047072424
2023-06-30 07:00:00,26013,32.60978181310227
2023-06-30 08:00:00,26013,21.308392180734494
2023-06-30 09:00:00,26013,3.4733079012939783
2023-06-30 10:00:00,26013,0.0
2023-06-30 11:00:00,26013,0.0
2023-06-30 12:00:00,26013,0.0
2023-06-30 13:00:00,26013,0.0
2023-06-30 14:00:00,26013,0.0
2023-06-30 15:00:00,26013,0.0
2023-06-30 16:00:00,26013,0.0
2023-06-30 17:00:00,26013,0.0
2023-06-30 18:00:00,26013,0.0
2023-06-30 19:00:00,26013,0.0
2023-06-30 20:00:00,26013,0.0
2023-06-30 21:00:00,26013,0.0
2023-06-30 22:00:00,26013,0.0
2023-06-30 23:00:00,26013,0.0
2023-07-01 00:00:00,26013,0.0
2023-06-30 01:00:00,26015,87.94662142341362
2023-06-30 02:00:00,26015,129.53866175498436
2023-06-30 03:00:00,26015,166.14303553556718
2023-06-30 04:00:00,26015,202.7272991705609
2023-06-30 05:00:00,26015,234.92445097766796
2023-06-30 06:00:00,26015,258.0370466946564
2023-06-30 07:00:00,26015,268.0634234436469
2023-06-30 08:00:00,26015,271.6117184548814
2023-06-30 09:00:00,26015,270.7036078993059
2023-06-30 10:00:00,26015,243.08690567365778
2023-06-30 11:00:00,26015,198.431262579769
2023-06-30 12:00:00,26015,152.25596910756872
2023-06-30 13:00:00,26015,119.31716807064032
2023-06-30 14:00:00,26015,78.09746196276443
2023-06-30 15:00:00,26015,53.098300061012814
2023-06-30 16:00:00,26015,19.104983373744478
2023-06-30 17:00:00,26015,0.0
2023-06-30 18:00:00,26015,0.0
2023-06-30 19:00:00,26015,0.0
2023-06-30 20:00:00,26015,0.0
2023-06-30 21:00:00,26015,0.0
2023-06-30 22:00:00,26015,0.0
2023-06-30 23:00:00,26015,0.0
2023-07-01 00:00:00,26015,0.0
2023-06-30 01:00:00,26017,192.4268879912946
2023-06-30 02:00:00,26017,218.65464230631036
2023-06-30 03:00:00,26017,249.9807094090036
2023-06-30 04:00:00,26017,267.1054014476449
2023-06-30 05:00:00,26017,281.70329143323806
2023-06-30 06:00:00,26017,282.2441087801658
2023-06-30 07:00:00,26017,275.9001126512035
2023-06-30 08:00:00,26017,261.40855573434504
2023-06-30 09:00:00,26017,242.45836927345005
2023-06-30 10:00:00,26017,221.96932535819502
2023-06-30 11:00:00,26017,186.85126925482328
2023-06-30 12:00:00,26017,153.94469566970687
2023-06-30 13:00:00,26017,133.4890248915018
2023-06-30 14:00:00,26017,106.24157027873093
2023-06-30 15:00:00,26017,88.99931745602264
2023-06-30 16:00:00,26017,65.58072942994352
2023-06-30 17:00:00,26017,40.38531838625022
2023-06-30 18:00:00,26017,17.803390592845957
2023-06-30 19:00:00,26017,8.7471127101308
2023-06-30 20:00:00,26017,2.4242106681972118
2023-06-30 21:00:00,26017,0.0
2023-06-30 22:00:00,26017,0.0
2023-06-30 23:00:00,26017,0.0
2023-07-01 00:00:00,26017,0.0
2023-06-30 01:00:00,26019,152.36104866186662
2023-06-30 02:00:00,26019,159.32669360095895
2023-06-30 03:00:00,26019,171.25939623540532
2023-06-30 04:00:00,26019,164.8319133492186
2023-06-30 05:00:00,26019,175.9219038372036
2023-06-30 06:00:00,26019,167.2924004449623
2023-06-30 07:00:00,26019,162.3945286593326
2023-06-30 08:00:00,26019,167.32788973004008
2023-06-30 09:00:00,26019,162.31081276506063
2023-06-30 10:00:00,26019,172.2132802859007
2023-06-30 11:00:00,26019,192.4643586379016
2023-06-30 12:00:00,26019,207.74370220304743
2023-06-30 13:00:00,26019,235.69359665320093
2023-06-30 14:00:00,26019,253.71964644383854
2023-06-30 15:00:00,26019,276.31053753939875
2023-06-30 16:00:00,26019,293.3896852201678
2023-06-30 17:00:00,26019,309.2241604583912
2023-06-30 18:00:00,26019,327.430204139241
2023-06-30 19:00:00,26019,355.8677022266804
2023-06-30 20:00:00,26019,386.29448728945556
2023-06-30 21:00:00,26019,404.527542184622
2023-06-30 22:00:00,26019,419.56197868183654
2023-06-30 23:00:00,26019,430.2104355577525
2023-07-01 00:00:00,26019,439.4261119536958
2023-06-30 01:00:00,26021,28.103815250762146
2023-06-30 02:00:00,26021,54.777915055846535
2023-06-30 03:00:00,26021,86.73743826594588
2023-06-30 04:00:00,26021,102.88725999626192
2023-06-30 05:00:00,26021,132.46777454901297
2023-06-30 06:00:00,26021,131.5006275070567
2023-06-30 07:00:00,26021,141.48788921415743
2023-06-30 08:00:00,26021,139.05671818185624
2023-06-30 09:00:00,26021,132.70956804882698
2023-06-30 10:00:00,26021,133.69532910623803
2023-06-30 11:00:00,26021,128.70236544585566
2023-06-30 12:00:00,26021,126.32478552539241
2023-06-30 13:00:00,26021,134.90142565288815
2023-06-30 14:00:00,26021,129.24428804207184
2023-06-30 15:00:00,26021,126.52285428506501
2023-06-30 16:00:00,26021,128.61669514735422
2023-06-30 17:00:00,26021,116.29342167595424
2023-06-30 18:00:00,26021,116.50912050964193
2023-06-30 19:00:00,26021,123.54946412625078
2023-06-30 20:00:00,26021,123.8560899318848
2023-06-30 21:00:00,26021,125.83960804508109
2023-06-30 22:00:00,26021,136.45990802144235
2023-06-30 23:00:00,26021,132.93131879630118
2023-07-01 00:00:00,26021,128.17792465850616
2023-06-30 01:00:00,26023,7.649546252142393
2023-06-30 02:00:00,26023,22.98218439882928
2023-06-30 03:00:00,26023,33.00087831740034
2023-06-30 04:00:00,26023,40.30060507188871
2023-06-30 05:00:00,26023,49.776675504450964
2023-06-30 06:00:00,26023,54.455600101777065
2023-06-30 07:00:00,26023,63.18374025368382
2023-06-30 08:00:00,26023,63.97156733792087
2023-06-30 09:00:00,26023,61.77925145976451
2023-06-30 10:00:00,26023,51.5611004805854
2023-06-30 11:00:00,26023,31.96652672724892
2023-06-30 12:00:00,26023,10.865969946557613
2023-06-30 13:00:00,26023,2.465509251364061
2023-06-30 14:00:00,26023,0.0
2023-06-30 15:00:00,26023,0.0
2023-06-30 16:00:00,26023,0.0
2023-06-30 17:00:00,26023,0.0
2023-06-30 18:00:00,26023,0.0
2023-06-30 19:00:00,26023,0.0
2023-06-30 20:00:00,26023,0.0
2023-06-30 21:00:00,26023,0.0
2023-06-30 22:00:00,26023,0.0
2023-06-30 23:00:00,26023,0.0
2023-07-01 00:00:00,26023,0.0
2023-06-30 01:00:00,26025,93.03657744817869
2023-06-30 02:00:00,26025,107.75430610966492
2023-06-30 03:00:00,26025,122.49740832951005
2023-06-30 04:00:00,26025,127.30492598581242
2023-06-30 05:00:00,26025,132.91922170805307
2023-06-30 06:00:00,26025,130.19520678959833
2023-06-30 07:00:00,26025,131.667735808004
2023-06-30 08:00:00,26025,132.79006254578275
2023-06-30 09:00:00,26025,129.49933105469688
2023-06-30 10:00:00,26025,124.48218669646812
2023-06-30 11:00:00,26025,110.8203485076074
2023-06-30 12:00:00,26025,100.38172725269067
2023-06-30 13:00:00,26025,94.71186579640779
2023-06-30 14:00:00,26025,89.16858234094734
2023-06-30 15:00:00,26025,85.7298552744137
2023-06-30 16:00:00,26025,78.20378155284932
2023-06-30 17:00:00,26025,63.43947067745165
2023-06-30 18:00:00,26025,49.12724719696236
2023-06-30 19:00:00,26025,52.076551008479214
2023-06-30 20:00:00,26025,52.904396204146536
2023-06-30 21:00:00,26025,46.07646263065986
2023-06-30 22:00:00,26025,52.867356874335016
2023-06-30 23:00:00,26025,43.86154305669057
2023-07-01 00:00:00,26025,41.907624058583835
2023-06-30 01:00:00,26027,0.0
2023-06-30 02:00:00,26027,0.0
2023-06-30 03:00:00,26027,0.0
2023-06-30 04:00:00,26027,0.0
2023-06-30 05:00:00,26027,0.0
2023-06-30 06:00:00,26027,0.0
2023-06-30 07:00:00,26027,0.0
2023-06-30 08:00:00,26027,1.582846386721684
2023-06-30 09:00:00,26027,3.6730075775994706
2023-06-30 10:00:00,26027,3.042098935016618
2023-06-30 11:00:00,26027,0.0
2023-06-30 12:00:00,26027,0.0
2023-06-30 13:00:00,26027,0.0
2023-06-30 14:00:00,26027,0.0
2023-06-30 15:00:00,26027,0.0
2023-06-30 16:00:00,26027,0.0
2023-06-30 17:00:00,26027,0.0
2023-06-30 18:00:00,26027,0.0
2023-06-30 19:00:00,26027,0.0
2023-06-30 20:00:00,26027,0.0
2023-06-30 21:00:00,26027,0.0
2023-06-30 22:00:00,26027,0.0
2023-06-30 23:00:00,26027,0.0
2023-07-01 00:00:00,26027,0.0
2023-06-30 01:00:00,26029,64.32368358682777
2023-06-30 02:00:00,26029,63.625031250055436
2023-06-30 03:00:00,26029,69.37424151805607
2023-06-30 04:00:00,26029,61.93759863830371
2023-06-30 05:00:00,26029,64.33877967466944
2023-06-30 06:00:00,26029,53.164224137471386
2023-06-30 07:00:00,26029,49.44597683016943
2023-06-30 08:00:00,26029,41.80187057179301
2023-06-30 09:00:00,26029,35.51917534238772
2023-06-30 10:00:00,26029,35.65299137818422
2023-06-30 11:00:00,26029,43.80064651662927
2023-06-30 12:00:00,26029,52.66461102316147
2023-06-30 13:00:00,26029,69.50577966202646
2023-06-30 14:00:00,26029,79.70475052245672
2023-06-30 15:00:00,26029,94.24619192244191
2023-06-30 16:00:00,26029,92.84643413462297
2023-06-30 17:00:00,26029,87.73887499314253
2023-06-30 18:00:00,26029,90.39941221008804
2023-06-30 19:00:00,26029,99.97917389601275
2023-06-30 20:00:00,26029,106.09693088709795
2023-06-30 21:00:00,26029,114.38255348549598
2023-06-30 22:00:00,26029,116.19942157184013
2023-06-30 23:00:00,26029,119.8900376469319
2023-07-01 00:00:00,26029,124.96807854522194
2023-06-30 01:00:00,26031,163.1239797110319
2023-06-30 02:00:00,26031,191.9943850746308
2023-06-30 03:00:00,26031,215.67122403200133
2023-06-30 04:00:00,26031,244.88391970876017
2023-06-30 05:00:00,26031,282.2659711502365
2023-06-30 06:00:00,26031,286.722417152996
2023-06-30 07:00:00,26031,285.7546231358465
2023-06-30 08:00:00,26031,284.0620282011989
2023-06-30 09:00:00,26031,280.1931704603766
2023-06-30 10:00:00,26031,259.9942275260289
2023-06-30 11:00:00,26031,223.4617084278425
2023-06-30 12:00:00,26031,191.38187478910498
2023-06-30 13:00:00,26031,181.52368463305052
2023-06-30 14:00:00,26031,157.23115442878753
2023-06-30 15:00:00,26031,144.22999922004738
2023-06-30 16:00:00,26031,122.93939347634938
2023-06-30 17:00:00,26031,83.8278290782627
2023-06-30 18:00:00,26031,61.16604028444604
2023-06-30 19:00:00,26031,52.02060113291603
2023-06-30 20:00:00,26031,44.11057459147866
2023-06-30 21:00:00,26031,44.65619033775609
2023-06-30 22:00:00,26031,38.8277256085867
2023-06-30 23:00:00,26031,40.1793376591106
2023-07-01 00:00:00,26031,26.745733448306098
2023-06-30 01:00:00,26033,49.565963771210974
2023-06-30 02:00:00,26033,69.64233186374426
2023-06-30 03:00:00,26033,97.20192504994134
2023-06-30 04:00:00,26033,112.34032237351548
2023-06-30 05:00:00,26033,128.9553866610019
2023-06-30 06:00:00,26033,134.73070507377872
2023-06-30 07:00:00,26033,141.08230316126134
2023-06-30 08:00:00,26033,144.91053625140972
2023-06-30 09:00:00,26033,145.76923407660345
2023-06-30 10:00:00,26033,141.25404811776002
2023-06-30 11:00:00,26033,131.47450588363068
2023-06-30 12:00:00,26033,120.48309824071171
2023-06-30 13:00:00,26033,117.51203988832302
2023-06-30 14:00:00,26033,110.333081836568
2023-06-30 15:00:00,26033,107.56629242278687
2023-06-30 16:00:00,26033,92.10745367747361
2023-06-30 17:00:00,26033,74.70082871973929
2023-06-30 18:00:00,26033,58.56134511386483
2023-06-30 19:00:00,26033,50.0416253247221
2023-06-30 20:00:00,26033,47.87338231521325
2023-06-30 21:00:00,26033,48.057285013884425
2023-06-30 22:00:00,26033,44.53736256060238
2023-06-30 23:00:00,26033,41.88387467753293
2023-07-01 00:00:00,26033,41.44199062056754
2023-06-30 01:00:00,26035,167.64361362432868
2023-06-30 02:00:00,26035,175.33000240731164
2023-06-30 03:00:00,26035,193.70099780513135
2023-06-30 04:00:00,26035,198.44766609664694
2023-06-30 05:00:00,26035,201.11850100208446
2023-06-30 06:00:00,26035,201.78303887606458
2023-06-30 07:00:00,26035,202.2149487321346
2023-06-30 08:00:00,26035,206.4035065689538
2023-06-30 09:00:00,26035,207.36555868126354
2023-06-30 10:00:00,26035,210.32626543056077
2023-06-30 11:00:00,26035,212.49481844901638
2023-06-30 12:00:00,26035,213.52051674595856
2023-06-30 13:00:00,26035,207.45798178334417
2023-06-30 14:00:00,26035,208.77853902459378
2023-06-30 15:00:00,26035,194.9492555685393
2023-06-30 16:00:00,26035,187.95800119471556
2023-06-30 17:00:00,26035,180.55831677287557
2023-06-30 18:00:00,26035,167.87179368778547
2023-06-30 19:00:00,26035,166.48428799268802
2023-06-30 20:00:00,26035,169.69895946262164
2023-06-30 21:00:00,26035,160.7080665103707
2023-06-30 22:00:00,26035,166.81935374952377
2023-06-30 23:00:00,26035,163.75796148578252
2023-07-01 00:00:00,26035,172.17950278935498
2023-06-30 01:00:00,26037,11.402932399625797
2023-06-30 02:00:00,26037,34.67070781243669
2023-06-30 03:00:00,26037,62.485802285354
2023-06-30 04:00:00,26037,93.41220046243905
2023-06-30 05:00:00,26037,129.43804363378968
2023-06-30 06:00:00,26037,175.01400894002586
2023-06-30 07:00:00,26037,198.65898436913056
2023-06-30 08:00:00,26037,221.32859077986524
2023-06-30 09:00:00,26037,228.79190790768783
2023-06-30 10:00:00,26037,218.19861914564328
2023-06-30 11:00:00,26037,216.70393122687
2023-06-30 12:00:00,26037,183.4038215018311
2023-06-30 13:00:00,26037,166.44923002440572
2023-06-30 14:00:00,26037,143.7669671614538
2023-06-30 15:00:00,26037,122.7084772469713
2023-06-30 16:00:00,26037,95.79868977045888
2023-06-30 17:00:00,26037,59.23983339044865
2023-06-30 18:00:00,26037,15.458267261242284
2023-06-30 19:00:00,26037,0.0
2023-06-30 20:00:00,26037,0.0
2023-06-30 21:00:00,26037,0.0
2023-06-30 22:00:00,26037,0.0
2023-06-30 23:00:00,26037,0.0
2023-07-01 00:00:00,26037,0.0
2023-06-30 01:00:00,26039,54.1682757227406
2023-06-30 02:00:00,26039,52.405834424525594
2023-06-30 03:00:00,26039,51.98449182994476
2023-06-30 04:00:00,26039,53.502268675925876
2023-06-30 05:00:00,26039,52.6391228962788
2023-06-30 06:00:00,26039,54.438468737806744
2023-06-30 07:00:00,26039,53.02265787800617
2023-06-30 08:00:00,26039,51.1733062455027
2023-06-30 09:00:00,26039,51.935766510705804
2023-06-30 10:00:00,26039,56.461304072640665
2023-06-30 11:00:00,26039,58.24136196622091
2023-06-30 12:00:00,26039,56.02877419867716
2023-06-30 13:00:00,26039,61.35181651544757
2023-06-30 14:00:00,26039,68.77626121707786
2023-06-30 15:00:00,26039,65.98308060687354
2023-06-30 16:00:00,26039,64.40357154453989
2023-06-30 17:00:00,26039,57.10942495109298
2023-06-30 18:00:00,26039,45.361743743256035
2023-06-30 19:00:00,26039,44.51880245974705
2023-06-30 20:00:00,26039,47.26500997519403
2023-06-30 21:00:00,26039,37.68088120671513
2023-06-30 22:00:00,26039,42.54017709644944
2023-06-30 23:00:00,26039,39.2529230970271
2023-07-01 00:00:00,26039,35.86306961488086
2023-06-30 01:00:00,26041,0.0
2023-06-30 02:00:00,26041,0.0
2023-06-30 03:00:00,26041,0.0
2023-06-30 04:00:00,26041,0.0
2023-06-30 05:00:00,26041,0.0
2023-06-30 06:00:00,26041,0.0
2023-06-30 07:00:00,26041,0.0
2023-06-30 08:00:00,26041,0.0
2023-06-30 09:00:00,26041,0.0
2023-06-30 10:00:00,26041,0.0
2023-06-30 11:00:00,26041,0.0
2023-06-30 12:00:00,26041,0.0
2023-06-30 13:00:00,26041,0.0
2023-06-30 14:00:00,26041,0.0
2023-06-30 15:00:00,26041,1.2178175912502098
2023-06-30 16:00:00,26041,1.9445863916276451
2023-06-30 17:00:00,26041,0.0
2023-06-30 18:00:00,26041,0.0
2023-06-30 19:00:00,26041,0.0
2023-06-30 20:00:00,26041,6.751881650207352
2023-06-30 21:00:00,26041,11.198056921774594
2023-06-30 22:00:00,26041,19.19046497114792
2023-06-30 23:00:00,26041,20.536658604428656
2023-07-01 00:00:00,26041,22.83164135855822
2023-06-30 01:00:00,26043,0.0
2023-06-30 02:00:00,26043,0.0
2023-06-30 03:00:00,26043,0.0
2023-06-30 04:00:00,26043,0.0
2023-06-30 05:00:00,26043,0.0
2023-06-30 06:00:00,26043,0.0
2023-06-30 07:00:00,26043,0.0
2023-06-30 08:00:00,26043,0.0
2023-06-30 09:00:00,26043,0.0
2023-06-30 10:00:00,26043,0.0
2023-06-30 11:00:00,26043,0.0
2023-06-30 12:00:00,26043,0.0
2023-06-30 13:00:00,26043,0.0
2023-06-30 14:00:00,26043,0.0
2023-06-30 15:00:00,26043,0.0
2023-06-30 16:00:00,26043,0.0
2023-06-30 17:00:00,26043,0.0
2023-06-30 18:00:00,26043,0.0
2023-06-30 19:00:00,26043,0.0
2023-06-30 20:00:00,26043,0.0
2023-06-30 21:00:00,26043,0.0
2023-06-30 22:00:00,26043,0.0
2023-06-30 23:00:00,26043,0.0
2023-07-01 00:00:00,26043,0.0
2023-06-30 01:00:00,26045,0.0
2023-06-30 02:00:00,26045,0.0
2023-06-30 03:00:00,26045,0.0
2023-06-30 04:00:00,26045,0.0
2023-06-30 05:00:00,26045,0.0
2023-06-30 06:00:00,26045,0.0
2023-06-30 07:00:00,26045,1.4748554440543202
2023-06-30 08:00:00,26045,9.613291185996069
2023-06-30 09:00:00,26045,4.55257035277436
2023-06-30 10:00:00,26045,0.0
2023-06-30 11:00:00,26045,0.0
2023-06-30 12:00:00,26045,0.0
2023-06-30 13:00:00,26045,0.0
2023-06-30 14:00:00,26045,0.0
2023-06-30 15:00:00,26045,0.0
2023-06-30 16:00:00,26045,0.0
2023-06-30 17:00:00,26045,0.0
2023-06-30 18:00:00,26045,0.0
2023-06-30 19:00:00,26045,0.0
2023-06-30 20:00:00,26045,0.0
2023-06-30 21:00:00,26045,0.0
2023-06-30 22:00:00,26045,0.0
2023-06-30 23:00:00,26045,0.0
2023-07-01 00:00:00,26045,0.0
2023-06-30 01:00:00,26047,167.9799868102007
2023-06-30 02:00:00,26047,168.58997658820294
2023-06-30 03:00:00,26047,166.92509375766474
2023-06-30 04:00:00,26047,173.4129340379184
2023-06-30 05:00:00,26047,183.90759951894734
2023-06-30 06:00:00,26047,175.35938586400346
2023-06-30 07:00:00,26047,171.58948837044323
2023-06-30 08:00:00,26047,172.75808731318662
2023-06-30 09:00:00,26047,176.28642044398043
2023-06-30 10:00:00,26047,186.76574722147026
2023-06-30 11:00:00,26047,188.5465599194426
2023-06-30 12:00:00,26047,194.63568825822807
2023-06-30 13:00:00,26047,208.45390574274862
2023-06-30 14:00:00,26047,223.63516517287323
2023-06-30 15:00:00,26047,231.95999716371
2023-06-30 16:00:00,26047,246.0822929890413
2023-06-30 17:00:00,26047,245.42809323950274
2023-06-30 18:00:00,26047,262.9812311212004
2023-06-30 19:00:00,26047,286.6031311017471
2023-06-30 20:00:00,26047,303.76218021887803
2023-06-30 21:00:00,26047,321.7125878265091
2023-06-30 22:00:00,26047,332.8705376670813
2023-06-30 23:00:00,26047,340.5228793805213
2023-07-01 00:00:00,26047,339.9044519677076
2023-06-30 01:00:00,26049,228.16943689991646
2023-06-30 02:00:00,26049,296.9103085632425
2023-06-30 03:00:00,26049,382.1777302204333
2023-06-30 04:00:00,26049,434.89033061786836
2023-06-30 05:00:00,26049,506.968489028892
2023-06-30 06:00:00,26049,525.0667574254721
2023-06-30 07:00:00,26049,550.4200438949596
2023-06-30 08:00:00,26049,552.9203873583352
2023-06-30 09:00:00,26049,552.0265911289097
2023-06-30 10:00:00,26049,536.6517108935658
2023-06-30 11:00:00,26049,499.1896367078788
2023-06-30 12:00:00,26049,468.6760221827144
2023-06-30 13:00:00,26049,436.7150971930297
2023-06-30 14:00:00,26049,398.5336674643876
2023-06-30 15:00:00,26049,370.54465797234434
2023-06-30 16:00:00,26049,327.1607928858667
2023-06-30 17:00:00,26049,283.39766554966695
2023-06-30 18:00:00,26049,253.33708192490099
2023-06-30 19:00:00,26049,224.3218484685711
2023-06-30 20:00:00,26049,207.5094432685044
2023-06-30 21:00:00,26049,198.94277734190408
2023-06-30 22:00:00,26049,193.06891652001082
2023-06-30 23:00:00,26049,195.4411454164802
2023-07-01 00:00:00,26049,183.60651343840522
2023-06-30 01:00:00,26051,119.91909087670219
2023-06-30 02:00:00,26051,130.13507853257897
2023-06-30 03:00:00,26051,142.18381212433337
2023-06-30 04:00:00,26051,143.2554456599938
2023-06-30 05:00:00,26051,145.44801089317252
2023-06-30 06:00:00,26051,135.32598964478518
2023-06-30 07:00:00,26051,129.8891066513088
2023-06-30 08:00:00,26051,118.93139563303642
2023-06-30 09:00:00,26051,109.29405315491563
2023-06-30 10:00:00,26051,90.43205750004566
2023-06-30 11:00:00,26051,58.911749574239686
2023-06-30 12:00:00,26051,27.9099653084953
2023-06-30 13:00:00,26051,11.404280264611664
2023-06-30 14:00:00,26051,0.0
2023-06-30 15:00:00,26051,0.0
2023-06-30 16:00:00,26051,0.0
2023-06-30 17:00:00,26051,0.0
2023-06-30 18:00:00,26051,0.0
2023-06-30 19:00:00,26051,0.0
2023-06-30 20:00:00,26051,0.0
2023-06-30 21:00:00,26051,0.0
2023-06-30 22:00:00,26051,0.0
2023-06-30 23:00:00,26051,0.0
2023-07-01 00:00:00,26051,0.0
2023-06-30 01:00:00,26053,6.525736862879228
2023-06-30 02:00:00,26053,10.686461287740357
2023-06-30 03:00:00,26053,13.4511884680931
2023-06-30 04:00:00,26053,11.451752069413764
2023-06-30 05:00:00,26053,12.02355683236651
2023-06-30 06:00:00,26053,6.376002541599682
2023-06-30 07:00:00,26053,12.178628698990074
2023-06-30 08:00:00,26053,7.1826323423895175
2023-06-30 09:00:00,26053,0.0
2023-06-30 10:00:00,26053,1.4803277758969244
2023-06-30 11:00:00,26053,1.4041464468959362
2023-06-30 12:00:00,26053,0.0
2023-06-30 13:00:00,26053,0.0
2023-06-30 14:00:00,26053,0.0
2023-06-30 15:00:00,26053,0.0
2023-06-30 16:00:00,26053,0.0
2023-06-30 17:00:00,26053,0.0
2023-06-30 18:00:00,26053,0.0
2023-06-30 19:00:00,26053,0.0
2023-06-30 20:00:00,26053,2.054518259874648
2023-06-30 21:00:00,26053,8.257069437220515
2023-06-30 22:00:00,26053,19.919471227401896
2023-06-30 23:00:00,26053,24.73873552705607
2023-07-01 00:00:00,26053,31.501513307126114
2023-06-30 01:00:00,26055,276.06123643161357
2023-06-30 02:00:00,26055,289.9860026432666
2023-06-30 03:00:00,26055,311.4822925838073
2023-06-30 04:00:00,26055,325.84015477271794
2023-06-30 05:00:00,26055,351.0872833959188
2023-06-30 06:00:00,26055,341.91166554735537
2023-06-30 07:00:00,26055,332.153958725997
2023-06-30 08:00:00,26055,320.7330404266828
2023-06-30 09:00:00,26055,315.40573885655715
2023-06-30 10:00:00,26055,303.14879382111144
2023-06-30 11:00:00,26055,288.946232635872
2023-06-30 12:00:00,26055,289.05236352485883
2023-06-30 13:00:00,26055,298.6160586601521
2023-06-30 14:00:00,26055,299.7260254760104
2023-06-30 15:00:00,26055,312.00839124508946
2023-06-30 16:00:00,26055,316.4739757724532
2023-06-30 17:00:00,26055,309.8902483771052
2023-06-30 18:00:00,26055,321.76493890255995
2023-06-30 19:00:00,26055,334.0950460494382
2023-06-30 20:00:00,26055,350.6699574389959
2023-06-30 21:00:00,26055,369.94154230577
2023-06-30 22:00:00,26055,372.263078000121
2023-06-30 23:00:00,26055,378.7457155215293
2023-07-01 00:00:00,26055,382.92824840186165
2023-06-30 01:00:00,26057,71.2759307479606
2023-06-30 02:00:00,26057,91.38800378396941
2023-06-30 03:00:00,26057,110.34215296792286
2023-06-30 04:00:00,26057,121.68365506226992
2023-06-30 05:00:00,26057,124.2751007200401
2023-06-30 06:00:00,26057,132.5684465848071
2023-06-30 07:00:00,26057,138.87986481706113
2023-06-30 08:00:00,26057,147.95998643137622
2023-06-30 09:00:00,26057,150.79438475284823
2023-06-30 10:00:00,26057,154.6656012573958
2023-06-30 11:00:00,26057,156.44520087688085
2023-06-30 12:00:00,26057,154.49423370309316
2023-06-30 13:00:00,26057,143.64795068320208
2023-06-30 14:00:00,26057,142.213310149549
2023-06-30 15:00:00,26057,133.0353874518597
2023-06-30 16:00:00,26057,120.990016783245
2023-06-30 17:00:00,26057,110.82702043928742
2023-06-30 18:00:00,26057,91.35568198160841
2023-06-30 19:00:00,26057,84.08020331821572
2023-06-30 20:00:00,26057,79.98971613776791
2023-06-30 21:00:00,26057,65.85535692081314
2023-06-30 22:00:00,26057,73.97848091651548
2023-06-30 23:00:00,26057,66.3390247923403
2023-07-01 00:00:00,26057,71.07601541325738
2023-06-30 01:00:00,26059,0.0
2023-06-30 02:00:00,26059,0.0
2023-06-30 03:00:00,26059,0.0
2023-06-30 04:00:00,26059,0.0
2023-06-30 05:00:00,26059,44.95697988800132
2023-06-30 06:00:00,26059,96.61523985754465
2023-06-30 07:00:00,26059,156.92911810343037
2023-06-30 08:00:00,26059,179.02241114283459
2023-06-30 09:00:00,26059,185.86348639993344
2023-06-30 10:00:00,26059,171.83479979787032
2023-06-30 11:00:00,26059,154.40377848389187
2023-06-30 12:00:00,26059,120.12495703531799
2023-06-30 13:00:00,26059,92.37563837371081
2023-06-30 14:00:00,26059,61.15182030884518
2023-06-30 15:00:00,26059,11.776317958009628
2023-06-30 16:00:00,26059,0.0
2023-06-30 17:00:00,26059,0.0
2023-06-30 18:00:00,26059,0.0
2023-06-30 19:00:00,26059,0.0
2023-06-30 20:00:00,26059,0.0
2023-06-30 21:00:00,26059,0.0
2023-06-30 22:00:00,26059,0.0
2023-06-30 23:00:00,26059,0.0
2023-07-01 00:00:00,26059,0.0
2023-06-30 01:00:00,26061,60.33944860321557
2023-06-30 02:00:00,26061,56.57244901937494
2023-06-30 03:00:00,26061,63.03379027400654
2023-06-30 04:00:00,26061,63.15597423497504
2023-06-30 05:00:00,26061,65.2182885352449
2023-06-30 06:00:00,26061,69.21608304061488
2023-06-30 07:00:00,26061,72.70237626249964
2023-06-30 08:00:00,26061,68.07584317717405
2023-06-30 09:00:00,26061,56.23559060210801
2023-06-30 10:00:00,26061,51.403723764836016
2023-06-30 11:00:00,26061,44.62016190668396
2023-06-30 12:00:00,26061,32.06295298833757
2023-06-30 13:00:00,26061,33.51929414826305
2023-06-30 14:00:00,26061,33.76266465011051
2023-06-30 15:00:00,26061,30.03147783894427
2023-06-30 16:00:00,26061,29.214186426116253
2023-06-30 17:00:00,26061,39.50028327923272
2023-06-30 18:00:00,26061,47.18283064700596
2023-06-30 19:00:00,26061,57.57686452819034
2023-06-30 20:00:00,26061,80.54108726753498
2023-06-30 21:00:00,26061,88.13346246775397
2023-06-30 22:00:00,26061,105.63295532301427
2023-06-30 23:00:00,26061,116.0719405014772
2023-07-01 00:00:00,26061,123.54130954308631
2023-06-30 01:00:00,26063,0.0
2023-06-30 02:00:00,26063,0.0
2023-06-30 03:00:00,26063,0.0
2023-06-30 04:00:00,26063,8.064419094791084
2023-06-30 05:00:00,26063,18.12685123215341
2023-06-30 06:00:00,26063,22.49455380424369
2023-06-30 07:00:00,26063,30.160899834886852
2023-06-30 08:00:00,26063,35.462052824286836
2023-06-30 09:00:00,26063,40.41569926303157
2023-06-30 10:00:00,26063,38.5679111539117
2023-06-30 11:00:00,26063,25.60934847872483
2023-06-30 12:00:00,26063,23.014277064142682
2023-06-30 13:00:00,26063,21.37060962848194
2023-06-30 14:00:00,26063,7.853572575052503
2023-06-30 15:00:00,26063,2.8718905446018184
2023-06-30 16:00:00,26063,0.0
2023-06-30 17:00:00,26063,0.0
2023-06-30 18:00:00,26063,0.0
2023-06-30 19:00:00,26063,0.0
2023-06-30 20:00:00,26063,0.0
2023-06-30 21:00:00,26063,0.0
2023-06-30 22:00:00,26063,0.0
2023-06-30 23:00:00,26063,0.0
2023-07-01 00:00:00,26063,0.0
2023-06-30 01:00:00,26065,0.0
2023-06-30 02:00:00,26065,0.0
2023-06-30 03:00:00,26065,0.0
2023-06-30 04:00:00,26065,18.552062199243675
2023-06-30 05:00:00,26065,50.04704374196527
2023-06-30 06:00:00,26065,71.96063268212926
2023-06-30 07:00:00,26065,94.55989401925171
2023-06-30 08:00:00,26065,108.99881680841216
2023-06-30 09:00:00,26065,103.74187379054848
2023-06-30 10:00:00,26065,78.65597677695656
2023-06-30 11:00:00,26065,48.18767747261683
2023-06-30 12:00:00,26065,3.3839174954315325
2023-06-30 13:00:00,26065,0.0
2023-06-30 14:00:00,26065,0.0
2023-06-30 15:00:00,26065,0.0
2023-06-30 16:00:00,26065,0.0
2023-06-30 17:00:00,26065,0.0
2023-06-30 18:00:00,26065,0.0
2023-06-30 19:00:00,26065,0.0
2023-06-30 20:00:00,26065,0.0
2023-06-30 21:00:00,26065,0.0
2023-06-30 22:00:00,26065,0.0
2023-06-30 23:00:00,26065,0.0
2023-07-01 00:00:00,26065,0.0
2023-06-30 01:00:00,26067,0.0
2023-06-30 02:00:00,26067,0.0
2023-06-30 03:00:00,26067,4.170908903377338
2023-06-30 04:00:00,26067,40.485666934447735
2023-06-30 05:00:00,26067,75.41785245626895
2023-06-30 06:00:00,26067,95.48781819011938
2023-06-30 07:00:00,26067,111.08339783824846
2023-06-30 08:00:00,26067,121.54765548519633
2023-06-30 09:00:00,26067,124.67316568631507
2023-06-30 10:00:00,26067,113.91142075833734
2023-06-30 11:00:00,26067,93.54230986952443
2023-06-30 12:00:00,26067,67.75552306328365
2023-06-30 13:00:00,26067,60.45680720753468
2023-06-30 14:00:00,26067,35.861721749895
2023-06-30 15:00:00,26067,25.21412750757002
2023-06-30 16:00:00,26067,13.004681234226197
2023-06-30 17:00:00,26067,0.0
2023-06-30 18:00:00,26067,0.0
2023-06-30 19:00:00,26067,0.0
2023-06-30 20:00:00,26067,0.0
2023-06-30 21:00:00,26067,0.0
2023-06-30 22:00:00,26067,0.0
2023-06-30 23:00:00,26067,0.0
2023-07-01 00:00:00,26067,0.0
2023-06-30 01:00:00,26069,115.18202612321087
2023-06-30 02:00:00,26069,112.91208670051866
2023-06-30 03:00:00,26069,117.36507542958942
2023-06-30 04:00:00,26069,114.64948466729632
2023-06-30 05:00:00,26069,119.18085848461998
2023-06-30 06:00:00,26069,115.35619723668411
2023-06-30 07:00:00,26069,116.27739556127233
2023-06-30 08:00:00,26069,114.06859529433886
2023-06-30 09:00:00,26069,110.99017949582617
2023-06-30 10:00:00,26069,109.39130161364565
2023-06-30 11:00:00,26069,101.6715801295623
2023-06-30 12:00:00,26069,88.01351596266201
2023-06-30 13:00:00,26069,85.04860387460886
2023-06-30 14:00:00,26069,77.35284742997416
2023-06-30 15:00:00,26069,69.24642348144667
2023-06-30 16:00:00,26069,56.117113269850634
2023-06-30 17:00:00,26069,42.49944461657665
2023-06-30 18:00:00,26069,21.962039305628856
2023-06-30 19:00:00,26069,13.501194259068626
2023-06-30 20:00:00,26069,10.088251849714545
2023-06-30 21:00:00,26069,0.0
2023-06-30 22:00:00,26069,0.0
2023-06-30 23:00:00,26069,0.0
2023-07-01 00:00:00,26069,0.0
2023-06-30 01:00:00,26071,0.0
2023-06-30 02:00:00,26071,0.0
2023-06-30 03:00:00,26071,0.0
2023-06-30 04:00:00,26071,0.0
2023-06-30 05:00:00,26071,0.0
2023-06-30 06:00:00,26071,0.0
2023-06-30 07:00:00,26071,0.0
2023-06-30 08:00:00,26071,0.0
2023-06-30 09:00:00,26071,0.0
2023-06-30 10:00:00,26071,0.0
2023-06-30 11:00:00,26071,0.0
2023-06-30 12:00:00,26071,0.0
2023-06-30 13:00:00,26071,0.0
2023-06-30 14:00:00,26071,0.0
2023-06-30 15:00:00,26071,0.0
2023-06-30 16:00:00,26071,0.0
2023-06-30 17:00:00,26071,0.0
2023-06-30 18:00:00,26071,0.0
2023-06-30 19:00:00,26071,0.0
2023-06-30 20:00:00,26071,0.0
2023-06-30 21:00:00,26071,0.0
2023-06-30 22:00:00,26071,0.0
2023-06-30 23:00:00,26071,0.0
2023-07-01 00:00:00,26071,3.1645120330327146
2023-06-30 01:00:00,26073,127.68647960601058
2023-06-30 02:00:00,26073,124.00058779769427
2023-06-30 03:00:00,26073,124.90859052407087
2023-06-30 04:00:00,26073,119.55623888318287
2023-06-30 05:00:00,26073,109.71265958357516
2023-06-30 06:00:00,26073,105.7719067244069
2023-06-30 07:00:00,26073,100.29516736329853
2023-06-30 08:00:00,26073,101.23182569927458
2023-06-30 09:00:00,26073,97.01962631060334
2023-06-30 10:00:00,26073,96.89058171685679
2023-06-30 11:00:00,26073,101.44614971067668
2023-06-30 12:00:00,26073,101.23365879565534
2023-06-30 13:00:00,26073,96.63609132887596
2023-06-30 14:00:00,26073,104.9396944461854
2023-06-30 15:00:00,26073,101.40761425073086
2023-06-30 16:00:00,26073,101.75656301692098
2023-06-30 17:00:00,26073,106.38358133364149
2023-06-30 18:00:00,26073,100.57607590500227
2023-06-30 19:00:00,26073,105.13014776868786
2023-06-30 20:00:00,26073,116.51762553770273
2023-06-30 21:00:00,26073,113.26874525442791
2023-06-30 22:00:00,26073,127.21304202972613
2023-06-30 23:00:00,26073,123.82454989121561
2023-07-01 00:00:00,26073,136.48079992872323
2023-06-30 01:00:00,26075,0.0
2023-06-30 02:00:00,26075,0.0
2023-06-30 03:00:00,26075,0.0
2023-06-30 04:00:00,26075,0.0
2023-06-30 05:00:00,26075,8.79625586751537
2023-06-30 06:00:00,26075,59.711936580397094
2023-06-30 07:00:00,26075,127.22072486014555
2023-06-30 08:00:00,26075,165.68403359328133
2023-06-30 09:00:00,26075,173.4486389813939
2023-06-30 10:00:00,26075,169.45654594491413
2023-06-30 11:00:00,26075,160.7744623395743
2023-06-30 12:00:00,26075,126.57972070881858
2023-06-30 13:00:00,26075,101.96715344231225
2023-06-30 14:00:00,26075,75.0852667710072
2023-06-30 15:00:00,26075,37.09021981261016
2023-06-30 16:00:00,26075,0.0
2023-06-30 17:00:00,26075,0.0
2023-06-30 18:00:00,26075,0.0
2023-06-30 19:00:00,26075,0.0
2023-06-30 20:00:00,26075,0.0
2023-06-30 21:00:00,26075,0.0
2023-06-30 22:00:00,26075,0.0
2023-06-30 23:00:00,26075,0.0
2023-07-01 00:00:00,26075,0.0
2023-06-30 01:00:00,26077,22.86583669324957
2023-06-30 02:00:00,26077,10.887751444729169
2023-06-30 03:00:00,26077,0.0
2023-06-30 04:00:00,26077,0.0
2023-06-30 05:00:00,26077,0.0
2023-06-30 06:00:00,26077,0.0
2023-06-30 07:00:00,26077,0.0
2023-06-30 08:00:00,26077,0.0
2023-06-30 09:00:00,26077,0.0
2023-06-30 10:00:00,26077,0.0
2023-06-30 11:00:00,26077,0.0
2023-06-30 12:00:00,26077,0.0
2023-06-30 13:00:00,26077,0.0
2023-06-30 14:00:00,26077,0.0
2023-06-30 15:00:00,26077,0.0
2023-06-30 16:00:00,26077,0.0
2023-06-30 17:00:00,26077,0.0
2023-06-30 18:00:00,26077,0.0
2023-06-30 19:00:00,26077,0.0
2023-06-30 20:00:00,26077,0.0
2023-06-30 21:00:00,26077,0.0
2023-06-30 22:00:00,26077,0.0
2023-06-30 23:00:00,26077,0.0
2023-07-01 00:00:00,26077,0.0
2023-06-30 01:00:00,26079,182.2604141556735
2023-06-30 02:00:00,26079,166.94138944534382
2023-06-30 03:00:00,26079,153.68334464894798
2023-06-30 04:00:00,26079,145.88362737795367
2023-06-30 05:00:00,26079,141.42031400309116
2023-06-30 06:00:00,26079,119.74781093362361
2023-06-30 07:00:00,26079,110.13816708096232
2023-06-30 08:00:00,26079,102.34102423209099
2023-06-30 09:00:00,26079,101.78647214095729
2023-06-30 10:00:00,26079,106.39239637064904
2023-06-30 11:00:00,26079,107.66546832844669
2023-06-30 12:00:00,26079,126.54254659250847
2023-06-30 13:00:00,26079,153.7581241983637
2023-06-30 14:00:00,26079,177.1807558194004
2023-06-30 15:00:00,26079,192.08342503559692
2023-06-30 16:00:00,26079,209.43391141667004
2023-06-30 17:00:00,26079,209.72290714828898
2023-06-30 18:00:00,26079,223.8983088540633
2023-06-30 19:00:00,26079,256.4435467937695
2023-06-30 20:00:00,26079,280.09895469786477
2023-06-30 21:00:00,26079,303.35348059786463
2023-06-30 22:00:00,26079,315.1779766312459
2023-06-30 23:00:00,26079,320.5167350537515
2023-07-01 00:00:00,26079,337.4885387670464
2023-06-30 01:00:00,26081,450.67285913953674
2023-06-30 02:00:00,26081,442.7834818896828
2023-06-30 03:00:00,26081,451.2709877056634
2023-06-30 04:00:00,26081,461.21531991296433
2023-06-30 05:00:00,26081,463.5176889672165
2023-06-30 06:00:00,26081,445.1002461419839
2023-06-30 07:00:00,26081,416.7694720041252
2023-06-30 08:00:00,26081,374.9558426688785
2023-06-30 09:00:00,26081,344.7383271238085
2023-06-30 10:00:00,26081,298.5349711026025
2023-06-30 11:00:00,26081,237.12887068339737
2023-06-30 12:00:00,26081,183.28830947254264
2023-06-30 13:00:00,26081,150.26963395655196
2023-06-30 14:00:00,26081,108.73534963962547
2023-06-30 15:00:00,26081,84.61473961430934
2023-06-30 16:00:00,26081,62.368268458586726
2023-06-30 17:00:00,26081,28.600907857548496
2023-06-30 18:00:00,26081,4.404642170575876
2023-06-30 19:00:00,26081,0.0
2023-06-30 20:00:00,26081,0.0
2023-06-30 21:00:00,26081,0.0
2023-06-30 22:00:00,26081,0.0
2023-06-30 23:00:00,26081,0.0
2023-07-01 00:00:00,26081,0.0
2023-06-30 01:00:00,26083,0.0
2023-06-30 02:00:00,26083,0.0
2023-06-30 03:00:00,26083,0.0
2023-06-30 04:00:00,26083,0.0
2023-06-30 05:00:00,26083,0.0
2023-06-30 06:00:00,26083,0.0
2023-06-30 07:00:00,26083,0.0
2023-06-30 08:00:00,26083,0.0
2023-06-30 09:00:00,26083,0.0
2023-06-30 10:00:00,26083,0.0
2023-06-30 11:00:00,26083,0.0
2023-06-30 12:00:00,26083,0.0
2023-06-30 13:00:00,26083,0.0
2023-06-30 14:00:00,26083,0.0
2023-06-30 15:00:00,26083,0.0
2023-06-30 16:00:00,26083,0.0
2023-06-30 17:00:00,26083,0.0
2023-06-30 18:00:00,26083,0.0
2023-06-30 19:00:00,26083,0.0
2023-06-30 20:00:00,26083,0.0
2023-06-30 21:00:00,26083,0.0
2023-06-30 22:00:00,26083,0.0
2023-06-30 23:00:00,26083,0.0
2023-07-01 00:00:00,26083,0.0
2023-06-30 01:00:00,26085,13.242997242376674
2023-06-30 02:00:00,26085,16.809987140965056
2023-06-30 03:00:00,26085,18.899150911753306
2023-06-30 04:00:00,26085,21.23710360163219
2023-06-30 05:00:00,26085,24.759816135434967
2023-06-30 06:00:00,26085,25.010235971158494
2023-06-30 07:00:00,26085,30.67527207079197
2023-06-30 08:00:00,26085,30.904975221682776
2023-06-30 09:00:00,26085,27.019376997736046
2023-06-30 10:00:00,26085,36.85229468530558
2023-06-30 11:00:00,26085,38.266798116069864
2023-06-30 12:00:00,26085,39.93817765583996
2023-06-30 13:00:00,26085,50.677157144206454
2023-06-30 14:00:00,26085,60.22529791756281
2023-06-30 15:00:00,26085,61.589930343850156
2023-06-30 16:00:00,26085,69.73975554492245
2023-06-30 17:00:00,26085,71.95378552800108
2023-06-30 18:00:00,26085,75.34354465959831
2023-06-30 19:00:00,26085,84.56740259600583
2023-06-30 20:00:00,26085,95.55323007788331
2023-06-30 21:00:00,26085,92.40262263072779
2023-06-30 22:00:00,26085,103.6319014863519
2023-06-30 23:00:00,26085,102.70799395314211
2023-07-01 00:00:00,26085,99.13043679306455
2023-06-30 01:00:00,26087,18.973580016272674
2023-06-30 02:00:00,26087,63.371174358617964
2023-06-30 03:00:00,26087,115.45646491298248
2023-06-30 04:00:00,26087,145.60207860038162
2023-06-30 05:00:00,26087,187.01500789330595
2023-06-30 06:00:00,26087,209.41895011532696
2023-06-30 07:00:00,26087,241.46805243238677
2023-06-30 08:00:00,26087,247.48329081264723
2023-06-30 09:00:00,26087,247.95703839787842
2023-06-30 10:00:00,26087,243.4140594630265
2023-06-30 11:00:00,26087,233.03930005113995
2023-06-30 12:00:00,26087,219.83849908069374
2023-06-30 13:00:00,26087,213.18612492161574
2023-06-30 14:00:00,26087,196.7822710774141
2023-06-30 15:00:00,26087,180.64123742680587
2023-06-30 16:00:00,26087,161.18143669340586
2023-06-30 17:00:00,26087,121.1033722285561
2023-06-30 18:00:00,26087,88.27116035470976
2023-06-30 19:00:00,26087,78.35094145200586
2023-06-30 20:00:00,26087,59.822582817086605
2023-06-30 21:00:00,26087,41.45139871816886
2023-06-30 22:00:00,26087,35.04639821994634
2023-06-30 23:00:00,26087,7.963423571400355
2023-07-01 00:00:00,26087,2.077243263536303
2023-06-30 01:00:00,26089,124.90716178718586
2023-06-30 02:00:00,26089,120.21796645866749
2023-06-30 03:00:00,26089,116.65481123596388
2023-06-30 04:00:00,26089,106.72778561508137
2023-06-30 05:00:00,26089,105.76515392082774
2023-06-30 06:00:00,26089,92.10741324152403
2023-06-30 07:00:00,26089,77.70672938201255
2023-06-30 08:00:00,26089,72.12420957681361
2023-06-30 09:00:00,26089,68.65233851027759
2023-06-30 10:00:00,26089,69.6492598897716
2023-06-30 11:00:00,26089,79.71864701046098
2023-06-30 12:00:00,26089,88.63463910544749
2023-06-30 13:00:00,26089,110.99629880286199
2023-06-30 14:00:00,26089,118.99060734186538
2023-06-30 15:00:00,26089,130.5972479575816
2023-06-30 16:00:00,26089,130.0350399933282
2023-06-30 17:00:00,26089,121.17827308582052
2023-06-30 18:00:00,26089,114.73030265184867
2023-06-30 19:00:00,26089,118.66484185343211
2023-06-30 20:00:00,26089,120.57827098736351
2023-06-30 21:00:00,26089,119.371069191425
2023-06-30 22:00:00,26089,118.13813665290634
2023-06-30 23:00:00,26089,123.55844090705664
2023-07-01 00:00:00,26089,118.62109015599098
2023-06-30 01:00:00,26091,0.0
2023-06-30 02:00:00,26091,0.0
2023-06-30 03:00:00,26091,58.19150444039383
2023-06-30 04:00:00,26091,87.21429941929442
2023-06-30 05:00:00,26091,143.22123010732764
2023-06-30 06:00:00,26091,148.31548582139766
2023-06-30 07:00:00,26091,176.83819593324327
2023-06-30 08:00:00,26091,166.52999409435864
2023-06-30 09:00:00,26091,141.398593158844
2023-06-30 10:00:00,26091,128.97835428036103
2023-06-30 11:00:00,26091,101.00624701524052
2023-06-30 12:00:00,26091,76.88343996999744
2023-06-30 13:00:00,26091,81.45700196137861
2023-06-30 14:00:00,26091,56.77077387339486
2023-06-30 15:00:00,26091,36.934918808938995
2023-06-30 16:00:00,26091,19.82274843601635
2023-06-30 17:00:00,26091,0.0
2023-06-30 18:00:00,26091,0.0
2023-06-30 19:00:00,26091,0.0
2023-06-30 20:00:00,26091,0.0
2023-06-30 21:00:00,26091,0.0
2023-06-30 22:00:00,26091,0.0
2023-06-30 23:00:00,26091,0.0
2023-07-01 00:00:00,26091,13.409391174881485
2023-06-30 01:00:00,26093,0.0
2023-06-30 02:00:00,26093,0.0
2023-06-30 03:00:00,26093,0.0
2023-06-30 04:00:00,26093,17.711115755913763
2023-06-30 05:00:00,26093,38.737189517486264
2023-06-30 06:00:00,26093,60.15419803955853
2023-06-30 07:00:00,26093,76.60774766578898
2023-06-30 08:00:00,26093,84.82508742400316
2023-06-30 09:00:00,26093,82.26249955558032
2023-06-30 10:00:00,26093,70.26617769380118
2023-06-30 11:00:00,26093,53.68281519078225
2023-06-30 12:00:00,26093,25.269066484393804
2023-06-30 13:00:00,26093,9.215050997272925
2023-06-30 14:00:00,26093,0.0
2023-06-30 15:00:00,26093,0.0
2023-06-30 16:00:00,26093,0.0
2023-06-30 17:00:00,26093,0.0
2023-06-30 18:00:00,26093,0.0
2023-06-30 19:00:00,26093,0.0
2023-06-30 20:00:00,26093,0.0
2023-06-30 21:00:00,26093,0.0
2023-06-30 22:00:00,26093,0.0
2023-06-30 23:00:00,26093,0.0
2023-07-01 00:00:00,26093,0.0
2023-06-30 01:00:00,26095,5.592394274768388
2023-06-30 02:00:00,26095,19.695038228605814
2023-06-30 03:00:00,26095,33.73630041098703
2023-06-30 04:00:00,26095,47.142826014225534
2023-06-30 05:00:00,26095,57.14562860461327
2023-06-30 06:00:00,26095,51.173643211749166
2023-06-30 07:00:00,26095,48.19452462674502
2023-06-30 08:00:00,26095,40.94753982915348
2023-06-30 09:00:00,26095,34.11777315928603
2023-06-30 10:00:00,26095,22.855849013704322
2023-06-30 11:00:00,26095,0.0
2023-06-30 12:00:00,26095,0.0
2023-06-30 13:00:00,26095,0.0
2023-06-30 14:00:00,26095,0.0
2023-06-30 15:00:00,26095,0.0
2023-06-30 16:00:00,26095,0.0
2023-06-30 17:00:00,26095,0.0
2023-06-30 18:00:00,26095,0.0
2023-06-30 19:00:00,26095,0.0
2023-06-30 20:00:00,26095,0.0
2023-06-30 21:00:00,26095,0.0
2023-06-30 22:00:00,26095,0.0
2023-06-30 23:00:00,26095,0.0
2023-07-01 00:00:00,26095,0.0
2023-06-30 01:00:00,26097,48.95310304078883
2023-06-30 02:00:00,26097,77.15764962272145
2023-06-30 03:00:00,26097,108.41519126953338
2023-06-30 04:00:00,26097,137.01875980188095
2023-06-30 05:00:00,26097,165.76929953228705
2023-06-30 06:00:00,26097,176.51318524920208
2023-06-30 07:00:00,26097,179.80925428563197
2023-06-30 08:00:00,26097,176.34812570303328
2023-06-30 09:00:00,26097,174.19111040885667
2023-06-30 10:00:00,26097,160.189556328959
2023-06-30 11:00:00,26097,137.47571298938828
2023-06-30 12:00:00,26097,117.28775515467538
2023-06-30 13:00:00,26097,108.37278743707813
2023-06-30 14:00:00,26097,88.73327586511296
2023-06-30 15:00:00,26097,79.84494195963636
2023-06-30 16:00:00,26097,56.87941179125543
2023-06-30 17:00:00,26097,24.84742735951608
2023-06-30 18:00:00,26097,2.901691839439252
2023-06-30 19:00:00,26097,0.0
2023-06-30 20:00:00,26097,0.0
2023-06-30 21:00:00,26097,0.0
2023-06-30 22:00:00,26097,0.0
2023-06-30 23:00:00,26097,0.0
2023-07-01 00:00:00,26097,0.0
2023-06-30 01:00:00,26099,0.0
2023-06-30 02:00:00,26099,0.0
2023-06-30 03:00:00,26099,0.0
2023-06-30 04:00:00,26099,0.0
2023-06-30 05:00:00,26099,0.0
2023-06-30 06:00:00,26099,0.0
2023-06-30 07:00:00,26099,0.0
2023-06-30 08:00:00,26099,0.0
2023-06-30 09:00:00,26099,0.0
2023-06-30 10:00:00,26099,0.0
2023-06-30 11:00:00,26099,0.0
2023-06-30 12:00:00,26099,0.0
2023-06-30 13:00:00,26099,0.0
2023-06-30 14:00:00,26099,0.0
2023-06-30 15:00:00,26099,0.0
2023-06-30 16:00:00,26099,0.0
2023-06-30 17:00:00,26099,0.0
2023-06-30 18:00:00,26099,0.0
2023-06-30 19:00:00,26099,0.0
2023-06-30 20:00:00,26099,0.0
2023-06-30 21:00:00,26099,0.0
2023-06-30 22:00:00,26099,0.0
2023-06-30 23:00:00,26099,0.0
2023-07-01 00:00:00,26099,0.0
2023-06-30 01:00:00,26101,179.9490413633158
2023-06-30 02:00:00,26101,213.64563905259624
2023-06-30 03:00:00,26101,261.1337260637275
2023-06-30 04:00:00,26101,292.7943062986123
2023-06-30 05:00:00,26101,332.9170120517938
2023-06-30 06:00:00,26101,336.541232297682
2023-06-30 07:00:00,26101,340.8583629755027
2023-06-30 08:00:00,26101,328.09545638166367
2023-06-30 09:00:00,26101,318.00698349277445
2023-06-30 10:00:00,26101,305.22992431658395
2023-06-30 11:00:00,26101,276.80218477164226
2023-06-30 12:00:00,26101,252.97957421605062
2023-06-30 13:00:00,26101,251.87251878856176
2023-06-30 14:00:00,26101,230.8193125048238
2023-06-30 15:00:00,26101,216.5730804940424
2023-06-30 16:00:00,26101,211.2192798982946
2023-06-30 17:00:00,26101,194.8427068414068
2023-06-30 18:00:00,26101,196.02644230794144
2023-06-30 19:00:00,26101,194.46414548147726
2023-06-30 20:00:00,26101,203.47078149676307
2023-06-30 21:00:00,26101,209.34650237233683
2023-06-30 22:00:00,26101,216.10909145130884
2023-06-30 23:00:00,26101,228.87973479016668
2023-07-01 00:00:00,26101,227.55545744155606
2023-06-30 01:00:00,26103,0.0
2023-06-30 02:00:00,26103,0.8902190064361548
2023-06-30 03:00:00,26103,14.781787303487398
2023-06-30 04:00:00,26103,12.688377757993678
2023-06-30 05:00:00,26103,18.38944228869928
2023-06-30 06:00:00,26103,20.28421697122634
2023-06-30 07:00:00,26103,23.338411635943068
2023-06-30 08:00:00,26103,19.736404205021955
2023-06-30 09:00:00,26103,14.877350930985102
2023-06-30 10:00:00,26103,19.872322910196402
2023-06-30 11:00:00,26103,31.782327498280853
2023-06-30 12:00:00,26103,29.116816659537495
2023-06-30 13:00:00,26103,42.24868781460666
2023-06-30 14:00:00,26103,50.8149359030614
2023-06-30 15:00:00,26103,58.00916526510625
2023-06-30 16:00:00,26103,69.35907803696512
2023-06-30 17:00:00,26103,70.76238070969687
2023-06-30 18:00:00,26103,82.76449839091521
2023-06-30 19:00:00,26103,90.25144359193999
2023-06-30 20:00:00,26103,105.00532199234706
2023-06-30 21:00:00,26103,117.64750031940227
2023-06-30 22:00:00,26103,129.02217337105145
2023-06-30 23:00:00,26103,144.9910172697156
2023-07-01 00:00:00,26103,147.79640953669184
2023-06-30 01:00:00,26105,126.87513227777022
2023-06-30 02:00:00,26105,156.3522655861056
2023-06-30 03:00:00,26105,192.59816119504822
2023-06-30 04:00:00,26105,208.7523365292686
2023-06-30 05:00:00,26105,239.50732671610143
2023-06-30 06:00:00,26105,236.18502822704664
2023-06-30 07:00:00,26105,238.42070492179823
2023-06-30 08:00:00,26105,231.9773307074282
2023-06-30 09:00:00,26105,220.82919332395306
2023-06-30 10:00:00,26105,215.66704565054513
2023-06-30 11:00:00,26105,195.73863269751007
2023-06-30 12:00:00,26105,185.2041917207483
2023-06-30 13:00:00,26105,190.96183962356045
2023-06-30 14:00:00,26105,177.9394959772425
2023-06-30 15:00:00,26105,172.58789240142167
2023-06-30 16:00:00,26105,168.51959107864118
2023-06-30 17:00:00,26105,153.3682407725529
2023-06-30 18:00:00,26105,151.6983034483177
2023-06-30 19:00:00,26105,157.0650974625292
2023-06-30 20:00:00,26105,164.70095478719213
2023-06-30 21:00:00,26105,168.0413416243572
2023-06-30 22:00:00,26105,171.64612565714918
2023-06-30 23:00:00,26105,176.22298991774574
2023-07-01 00:00:00,26105,171.91629171491562
2023-06-30 01:00:00,26107,0.0
2023-06-30 02:00:00,26107,0.0
2023-06-30 03:00:00,26107,13.430269603512507
2023-06-30 04:00:00,26107,25.35690684552251
2023-06-30 05:00:00,26107,28.799192275618832
2023-06-30 06:00:00,26107,33.298311683830775
2023-06-30 07:00:00,26107,34.86694347572852
2023-06-30 08:00:00,26107,51.93479604791598
2023-06-30 09:00:00,26107,54.938054894816936
2023-06-30 10:00:00,26107,65.48358880041235
2023-06-30 11:00:00,26107,78.60291133246312
2023-06-30 12:00:00,26107,87.9329405938071
2023-06-30 13:00:00,26107,92.73644835177654
2023-06-30 14:00:00,26107,108.21202758021423
2023-06-30 15:00:00,26107,98.95045638150224
2023-06-30 16:00:00,26107,112.44329925843543
2023-06-30 17:00:00,26107,122.56027949177563
2023-06-30 18:00:00,26107,128.61142499525948
2023-06-30 19:00:00,26107,128.64040409245553
2023-06-30 20:00:00,26107,139.75092256417526
2023-06-30 21:00:00,26107,127.77188033151486
2023-06-30 22:00:00,26107,142.58871750541164
2023-06-30 23:00:00,26107,149.1411070398383
2023-07-01 00:00:00,26107,151.5411154336663
2023-06-30 01:00:00,26109,185.85209694080288
2023-06-30 02:00:00,26109,172.12039890972488
2023-06-30 03:00:00,26109,171.0627022980183
2023-06-30 04:00:00,26109,170.65915152125086
2023-06-30 05:00:00,26109,167.9886535820598
2023-06-30 06:00:00,26109,169.63102706733412
2023-06-30 07:00:00,26109,147.52643218002345
2023-06-30 08:00:00,26109,126.63217961406838
2023-06-30 09:00:00,26109,110.53385980486217
2023-06-30 10:00:00,26109,105.52406131080639
2023-06-30 11:00:00,26109,102.87454962944523
2023-06-30 12:00:00,26109,87.55835543558587
2023-06-30 13:00:00,26109,103.2704310544431
2023-06-30 14:00:00,26109,97.23544645213975
2023-06-30 15:00:00,26109,109.14377968764174
2023-06-30 16:00:00,26109,125.89729666647604
2023-06-30 17:00:00,26109,147.3947862068542
2023-06-30 18:00:00,26109,173.60358954016874
2023-06-30 19:00:00,26109,208.13545916118858
2023-06-30 20:00:00,26109,246.03949827574013
2023-06-30 21:00:00,26109,258.00473837094523
2023-06-30 22:00:00,26109,286.53813705212883
2023-06-30 23:00:00,26109,302.0502029857338
2023-07-01 00:00:00,26109,303.68319533070655
2023-06-30 01:00:00,26111,34.78956254689011
2023-06-30 02:00:00,26111,31.827170966360523
2023-06-30 03:00:00,26111,26.354677379957607
2023-06-30 04:00:00,26111,19.779145003723677
2023-06-30 05:00:00,26111,10.62242422226199
2023-06-30 06:00:00,26111,1.389872556695643
2023-06-30 07:00:00,26111,0.0
2023-06-30 08:00:00,26111,0.0
2023-06-30 09:00:00,26111,0.0
2023-06-30 10:00:00,26111,0.0
2023-06-30 11:00:00,26111,0.0
2023-06-30 12:00:00,26111,0.0
2023-06-30 13:00:00,26111,0.0
2023-06-30 14:00:00,26111,0.0
2023-06-30 15:00:00,26111,0.0
2023-06-30 16:00:00,26111,0.0
2023-06-30 17:00:00,26111,0.0
2023-06-30 18:00:00,26111,0.0
2023-06-30 19:00:00,26111,0.0
2023-06-30 20:00:00,26111,0.0
2023-06-30 21:00:00,26111,0.0
2023-06-30 22:00:00,26111,0.0
2023-06-30 23:00:00,26111,0.0
2023-07-01 00:00:00,26111,0.0
2023-06-30 01:00:00,26113,71.32971730022147
2023-06-30 02:00:00,26113,81.76316949291743
2023-06-30 03:00:00,26113,86.67513994629928
2023-06-30 04:00:00,26113,97.28361914673451
2023-06-30 05:00:00,26113,98.98058116393628
2023-06-30 06:00:00,26113,85.69664388116203
2023-06-30 07:00:00,26113,79.10228183107559
2023-06-30 08:00:00,26113,69.29733234196271
2023-06-30 09:00:00,26113,59.355385855686706
2023-06-30 10:00:00,26113,50.77719568345722
2023-06-30 11:00:00,26113,33.355178107584344
2023-06-30 12:00:00,26113,15.61239562237574
2023-06-30 13:00:00,26113,11.51318775546941
2023-06-30 14:00:00,26113,8.791524861414992
2023-06-30 15:00:00,26113,0.0
2023-06-30 16:00:00,26113,5.478553598062383
2023-06-30 17:00:00,26113,0.0
2023-06-30 18:00:00,26113,0.0
2023-06-30 19:00:00,26113,0.0
2023-06-30 20:00:00,26113,0.0
2023-06-30 21:00:00,26113,0.0
2023-06-30 22:00:00,26113,0.0
2023-06-30 23:00:00,26113,0.0
2023-07-01 00:00:00,26113,0.0
2023-06-30 01:00:00,26115,0.0
2023-06-30 02:00:00,26115,0.0
2023-06-30 03:00:00,26115,0.0
2023-06-30 04:00:00,26115,0.0
2023-06-30 05:00:00,26115,0.0
2023-06-30 06:00:00,26115,0.0
2023-06-30 07:00:00,26115,0.0
2023-06-30 08:00:00,26115,3.855400667486478
2023-06-30 09:00:00,26115,26.060317145694942
2023-06-30 10:00:00,26115,37.320408194895876
2023-06-30 11:00:00,26115,51.50649847000808
2023-06-30 12:00:00,26115,51.407457350846855
2023-06-30 13:00:00,26115,58.59144293899915
2023-06-30 14:00:00,26115,52.76394867261959
2023-06-30 15:00:00,26115,23.918775341556046
2023-06-30 16:00:00,26115,9.228718348229577
2023-06-30 17:00:00,26115,0.0
2023-06-30 18:00:00,26115,0.0
2023-06-30 19:00:00,26115,0.0
2023-06-30 20:00:00,26115,0.0
2023-06-30 21:00:00,26115,0.0
2023-06-30 22:00:00,26115,0.0
2023-06-30 23:00:00,26115,0.0
2023-07-01 00:00:00,26115,0.0
2023-06-30 01:00:00,26117,629.5686707050261
2023-06-30 02:00:00,26117,550.4471629384751
2023-06-30 03:00:00,26117,470.5630062056232
2023-06-30 04:00:00,26117,401.9778938200635
2023-06-30 05:00:00,26117,331.25229096505393
2023-06-30 06:00:00,26117,246.66396412369056
2023-06-30 07:00:00,26117,184.2995451781865
2023-06-30 08:00:00,26117,135.69202933899606
2023-06-30 09:00:00,26117,69.38232870797125
2023-06-30 10:00:00,26117,29.349754686394377
2023-06-30 11:00:00,26117,0.0
2023-06-30 12:00:00,26117,0.0
2023-06-30 13:00:00,26117,0.0
2023-06-30 14:00:00,26117,0.0
2023-06-30 15:00:00,26117,0.0
2023-06-30 16:00:00,26117,0.0
2023-06-30 17:00:00,26117,0.0
2023-06-30 18:00:00,26117,0.0
2023-06-30 19:00:00,26117,0.0
2023-06-30 20:00:00,26117,0.0
2023-06-30 21:00:00,26117,0.0
2023-06-30 22:00:00,26117,0.0
2023-06-30 23:00:00,26117,0.0
2023-07-01 00:00:00,26117,0.0
2023-06-30 01:00:00,26119,75.66682333713267
2023-06-30 02:00:00,26119,83.77142092860433
2023-06-30 03:00:00,26119,93.03718398742234
2023-06-30 04:00:00,26119,95.82365222999707
2023-06-30 05:00:00,26119,104.5408477182186
2023-06-30 06:00:00,26119,103.69614073157814
2023-06-30 07:00:00,26119,108.44143420080815
2023-06-30 08:00:00,26119,112.45755966998586
2023-06-30 09:00:00,26119,110.69374354948528
2023-06-30 10:00:00,26119,122.05795716884414
2023-06-30 11:00:00,26119,125.52742903570532
2023-06-30 12:00:00,26119,130.32863194454893
2023-06-30 13:00:00,26119,139.58894962882405
2023-06-30 14:00:00,26119,143.9067138031881
2023-06-30 15:00:00,26119,148.88528226552145
2023-06-30 16:00:00,26119,146.09309907540666
2023-06-30 17:00:00,26119,139.21347487971212
2023-06-30 18:00:00,26119,135.60859649637115
2023-06-30 19:00:00,26119,139.0514210724618
2023-06-30 20:00:00,26119,139.90604834539823
2023-06-30 21:00:00,26119,136.62903811986845
2023-06-30 22:00:00,26119,142.30089441633038
2023-06-30 23:00:00,26119,141.45183382578557
2023-07-01 00:00:00,26119,134.2879179472728
2023-06-30 01:00:00,26121,0.0
2023-06-30 02:00:00,26121,0.0
2023-06-30 03:00:00,26121,2.8665529992577987
2023-06-30 04:00:00,26121,18.984511201308024
2023-06-30 05:00:00,26121,36.24369320823877
2023-06-30 06:00:00,26121,41.730002410746785
2023-06-30 07:00:00,26121,53.59098514929539
2023-06-30 08:00:00,26121,61.820644393480364
2023-06-30 09:00:00,26121,62.13570783392589
2023-06-30 10:00:00,26121,74.10470847244157
2023-06-30 11:00:00,26121,74.52710240171139
2023-06-30 12:00:00,26121,74.8413571231654
2023-06-30 13:00:00,26121,85.99003365263488
2023-06-30 14:00:00,26121,87.1322953135545
2023-06-30 15:00:00,26121,84.01104436579108
2023-06-30 16:00:00,26121,92.20042940419846
2023-06-30 17:00:00,26121,87.07474147865815
2023-06-30 18:00:00,26121,87.06285330948283
2023-06-30 19:00:00,26121,94.496557843566
2023-06-30 20:00:00,26121,100.61480006604612
2023-06-30 21:00:00,26121,101.12539827999082
2023-06-30 22:00:00,26121,119.46262965991467
2023-06-30 23:00:00,26121,121.64251822290137
2023-07-01 00:00:00,26121,117.33143945886721
2023-06-30 01:00:00,26123,1071.916878456951
2023-06-30 02:00:00,26123,911.2676004364869
2023-06-30 03:00:00,26123,770.2966659782305
2023-06-30 04:00:00,26123,670.6890661207436
2023-06-30 05:00:00,26123,570.1960267967435
2023-06-30 06:00:00,26123,486.099495452772
2023-06-30 07:00:00,26123,403.60886436755743
2023-06-30 08:00:00,26123,335.6719402536994
2023-06-30 09:00:00,26123,275.04376011108513
2023-06-30 10:00:00,26123,224.4727958683379
2023-06-30 11:00:00,26123,210.99968573479777
2023-06-30 12:00:00,26123,178.50049086300865
2023-06-30 13:00:00,26123,159.05191784494087
2023-06-30 14:00:00,26123,173.10179288458176
2023-06-30 15:00:00,26123,158.06916252644828
2023-06-30 16:00:00,26123,162.37394676099848
2023-06-30 17:00:00,26123,167.39594343317634
2023-06-30 18:00:00,26123,170.65814062251144
2023-06-30 19:00:00,26123,176.10189772741577
2023-06-30 20:00:00,26123,195.9183435360752
2023-06-30 21:00:00,26123,196.39236069430356
2023-06-30 22:00:00,26123,212.96533115828151
2023-06-30 23:00:00,26123,222.8837574005542
2023-07-01 00:00:00,26123,245.44046664007297
2023-06-30 01:00:00,26125,527.985747753457
2023-06-30 02:00:00,26125,625.1073993456172
2023-06-30 03:00:00,26125,765.5969842601221
2023-06-30 04:00:00,26125,862.7051032878243
2023-06-30 05:00:00,26125,969.4492708432608
2023-06-30 06:00:00,26125,1019.3572607354115
2023-06-30 07:00:00,26125,1051.395903620181
2023-06-30 08:00:00,26125,1037.9347220917657
2023-06-30 09:00:00,26125,1031.8643695122332
2023-06-30 10:00:00,26125,1002.0825917597932
2023-06-30 11:00:00,26125,952.5717368070773
2023-06-30 12:00:00,26125,887.5571996409684
2023-06-30 13:00:00,26125,841.6835313953046
2023-06-30 14:00:00,26125,783.4898380328567
2023-06-30 15:00:00,26125,729.1149157483566
2023-06-30 16:00:00,26125,667.5321506654542
2023-06-30 17:00:00,26125,589.7091221116845
2023-06-30 18:00:00,26125,525.2268837857927
2023-06-30 19:00:00,26125,455.99730323589245
2023-06-30 20:00:00,26125,417.08600461740525
2023-06-30 21:00:00,26125,377.54792182319204
2023-06-30 22:00:00,26125,322.14066974601917
2023-06-30 23:00:00,26125,302.5325769068745
2023-07-01 00:00:00,26125,263.6790208243818
2023-06-30 01:00:00,26127,163.85840438452905
2023-06-30 02:00:00,26127,198.4532193003887
2023-06-30 03:00:00,26127,223.25828864417602
2023-06-30 04:00:00,26127,243.6171827163961
2023-06-30 05:00:00,26127,273.37251535781365
2023-06-30 06:00:00,26127,249.15068067205917
2023-06-30 07:00:00,26127,256.10939758512416
2023-06-30 08:00:00,26127,259.30953907051014
2023-06-30 09:00:00,26127,260.12657438899083
2023-06-30 10:00:00,26127,265.5625003983273
2023-06-30 11:00:00,26127,259.46590488752014
2023-06-30 12:00:00,26127,255.87565083927575
2023-06-30 13:00:00,26127,265.4461392140977
2023-06-30 14:00:00,26127,274.3267228959056
2023-06-30 15:00:00,26127,268.11853764291885
2023-06-30 16:00:00,26127,286.2586707259599
2023-06-30 17:00:00,26127,284.7196515278016
2023-06-30 18:00:00,26127,305.11667670047177
2023-06-30 19:00:00,26127,318.23676751556445
2023-06-30 20:00:00,26127,330.59224148147666
2023-06-30 21:00:00,26127,334.96913649277053
2023-06-30 22:00:00,26127,343.33253090085293
2023-06-30 23:00:00,26127,359.27068391378896
2023-07-01 00:00:00,26127,342.3158902566157
2023-06-30 01:00:00,26129,75.5064880577393
2023-06-30 02:00:00,26129,83.58912218926632
2023-06-30 03:00:00,26129,90.85400663387013
2023-06-30 04:00:00,26129,90.60183457366497
2023-06-30 05:00:00,26129,83.20095055198757
2023-06-30 06:00:00,26129,81.29501554737757
2023-06-30 07:00:00,26129,77.74461786676517
2023-06-30 08:00:00,26129,81.56267457627028
2023-06-30 09:00:00,26129,76.9318687589395
2023-06-30 10:00:00,26129,79.82228434922399
2023-06-30 11:00:00,26129,79.04629151956283
2023-06-30 12:00:00,26129,77.24581347144677
2023-06-30 13:00:00,26129,71.93786724251802
2023-06-30 14:00:00,26129,76.22917282720958
2023-06-30 15:00:00,26129,69.999421734449
2023-06-30 16:00:00,26129,65.01875060273771
2023-06-30 17:00:00,26129,65.73644827176028
2023-06-30 18:00:00,26129,57.802308425725826
2023-06-30 19:00:00,26129,57.25046554321371
2023-06-30 20:00:00,26129,66.77772788793905
2023-06-30 21:00:00,26129,57.512315274017354
2023-06-30 22:00:00,26129,69.38767973196512
2023-06-30 23:00:00,26129,74.65971883767047
2023-07-01 00:00:00,26129,80.30514350175963
2023-06-30 01:00:00,26131,0.0
2023-06-30 02:00:00,26131,0.0
2023-06-30 03:00:00,26131,0.0
2023-06-30 04:00:00,26131,0.0
2023-06-30 05:00:00,26131,0.0
2023-06-30 06:00:00,26131,0.0
2023-06-30 07:00:00,26131,0.0
2023-06-30 08:00:00,26131,0.0
2023-06-30 09:00:00,26131,0.0
2023-06-30 10:00:00,26131,0.0
2023-06-30 11:00:00,26131,0.0
2023-06-30 12:00:00,26131,0.0
2023-06-30 13:00:00,26131,0.0
2023-06-30 14:00:00,26131,0.0
2023-06-30 15:00:00,26131,0.0
2023-06-30 16:00:00,26131,0.0
2023-06-30 17:00:00,26131,0.0
2023-06-30 18:00:00,26131,0.0
2023-06-30 19:00:00,26131,0.0
2023-06-30 20:00:00,26131,0.0
2023-06-30 21:00:00,26131,0.0
2023-06-30 22:00:00,26131,0.0
2023-06-30 23:00:00,26131,0.0
2023-07-01 00:00:00,26131,2.8766350293520517
2023-06-30 01:00:00,26133,78.80410713890294
2023-06-30 02:00:00,26133,59.53435536850962
2023-06-30 03:00:00,26133,38.84036858215409
2023-06-30 04:00:00,26133,21.62609743655231
2023-06-30 05:00:00,26133,3.2271473189257804
2023-06-30 06:00:00,26133,0.0
2023-06-30 07:00:00,26133,0.0
2023-06-30 08:00:00,26133,0.0
2023-06-30 09:00:00,26133,0.0
2023-06-30 10:00:00,26133,0.0
2023-06-30 11:00:00,26133,0.0
2023-06-30 12:00:00,26133,0.0
2023-06-30 13:00:00,26133,0.0
2023-06-30 14:00:00,26133,0.0
2023-06-30 15:00:00,26133,0.0
2023-06-30 16:00:00,26133,0.0
2023-06-30 17:00:00,26133,0.0
2023-06-30 18:00:00,26133,0.0
2023-06-30 19:00:00,26133,0.0
2023-06-30 20:00:00,26133,0.0
2023-06-30 21:00:00,26133,0.0
2023-06-30 22:00:00,26133,4.1293946618127535
2023-06-30 23:00:00,26133,5.157680859527794
2023-07-01 00:00:00,26133,10.657994379238922
2023-06-30 01:00:00,26135,81.43030075600865
2023-06-30 02:00:00,26135,79.61181523168145
2023-06-30 03:00:00,26135,76.97641569672228
2023-06-30 04:00:00,26135,72.27902534908986
2023-06-30 05:00:00,26135,63.997041986153675
2023-06-30 06:00:00,26135,56.346155966898365
2023-06-30 07:00:00,26135,51.71570059446391
2023-06-30 08:00:00,26135,53.71105296223609
2023-06-30 09:00:00,26135,51.27733446511162
2023-06-30 10:00:00,26135,58.20827188081796
2023-06-30 11:00:00,26135,56.74919455497118
2023-06-30 12:00:00,26135,52.76516175110687
2023-06-30 13:00:00,26135,51.518898827878026
2023-06-30 14:00:00,26135,57.506789027575316
2023-06-30 15:00:00,26135,54.82828477036824
2023-06-30 16:00:00,26135,55.121768892390094
2023-06-30 17:00:00,26135,53.32238261491257
2023-06-30 18:00:00,26135,47.246058993492795
2023-06-30 19:00:00,26135,54.16398951208556
2023-06-30 20:00:00,26135,61.46692418524029
2023-06-30 21:00:00,26135,54.290351854510234
2023-06-30 22:00:00,26135,67.37674604495638
2023-06-30 23:00:00,26135,69.75456858111708
2023-07-01 00:00:00,26135,67.15890410594116
2023-06-30 01:00:00,26137,242.29836422097824
2023-06-30 02:00:00,26137,302.6403521911442
2023-06-30 03:00:00,26137,378.61136033973844
2023-06-30 04:00:00,26137,441.9075853072694
2023-06-30 05:00:00,26137,504.66736001042693
2023-06-30 06:00:00,26137,535.444724756025
2023-06-30 07:00:00,26137,548.4056327162873
2023-06-30 08:00:00,26137,549.1905753694547
2023-06-30 09:00:00,26137,547.7004836702831
2023-06-30 10:00:00,26137,521.8074581458566
2023-06-30 11:00:00,26137,472.2044092281076
2023-06-30 12:00:00,26137,421.4252672382938
2023-06-30 13:00:00,26137,391.0518037143595
2023-06-30 14:00:00,26137,346.43787704178317
2023-06-30 15:00:00,26137,303.2113617137552
2023-06-30 16:00:00,26137,251.8141157987243
2023-06-30 17:00:00,26137,180.30413639384147
2023-06-30 18:00:00,26137,126.71101623709151
2023-06-30 19:00:00,26137,81.71774644289385
2023-06-30 20:00:00,26137,45.67312751229016
2023-06-30 21:00:00,26137,20.197023585290847
2023-06-30 22:00:00,26137,0.0
2023-06-30 23:00:00,26137,0.0
2023-07-01 00:00:00,26137,0.0
2023-06-30 01:00:00,26139,426.7939213061859
2023-06-30 02:00:00,26139,428.06075264909896
2023-06-30 03:00:00,26139,441.9622547110961
2023-06-30 04:00:00,26139,452.59459112178104
2023-06-30 05:00:00,26139,472.11911633180216
2023-06-30 06:00:00,26139,450.3059163757853
2023-06-30 07:00:00,26139,429.3268831022194
2023-06-30 08:00:00,26139,391.8452918315371
2023-06-30 09:00:00,26139,362.4735346077965
2023-06-30 10:00:00,26139,316.8112385492158
2023-06-30 11:00:00,26139,264.21609110664883
2023-06-30 12:00:00,26139,217.26158340747116
2023-06-30 13:00:00,26139,196.6739027325507
2023-06-30 14:00:00,26139,152.9021490604414
2023-06-30 15:00:00,26139,124.77436338945368
2023-06-30 16:00:00,26139,100.93052396033471
2023-06-30 17:00:00,26139,55.02422390336317
2023-06-30 18:00:00,26139,27.659815045768948
2023-06-30 19:00:00,26139,16.497929439438007
2023-06-30 20:00:00,26139,0.0
2023-06-30 21:00:00,26139,0.0
2023-06-30 22:00:00,26139,0.0
2023-06-30 23:00:00,26139,0.0
2023-07-01 00:00:00,26139,0.0
2023-06-30 01:00:00,26141,97.35165937122088
2023-06-30 02:00:00,26141,148.62287317074868
2023-06-30 03:00:00,26141,202.53242485090482
2023-06-30 04:00:00,26141,251.90919419482708
2023-06-30 05:00:00,26141,301.2174919974675
2023-06-30 06:00:00,26141,324.0207527002003
2023-06-30 07:00:00,26141,336.1260629247364
2023-06-30 08:00:00,26141,336.8691408914427
2023-06-30 09:00:00,26141,335.36042169816665
2023-06-30 10:00:00,26141,313.9720957429936
2023-06-30 11:00:00,26141,270.47866271181516
2023-06-30 12:00:00,26141,233.29679617803927
2023-06-30 13:00:00,26141,209.9540659933645
2023-06-30 14:00:00,26141,175.97708542972484
2023-06-30 15:00:00,26141,151.19455238850117
2023-06-30 16:00:00,26141,112.02591938691303
2023-06-30 17:00:00,26141,62.885242073914554
2023-06-30 18:00:00,26141,25.017217911785266
2023-06-30 19:00:00,26141,0.0
2023-06-30 20:00:00,26141,0.0
2023-06-30 21:00:00,26141,0.0
2023-06-30 22:00:00,26141,0.0
2023-06-30 23:00:00,26141,0.0
2023-07-01 00:00:00,26141,0.0
2023-06-30 01:00:00,26143,56.47346181481315
2023-06-30 02:00:00,26143,71.0548269756796
2023-06-30 03:00:00,26143,83.93652091072269
2023-06-30 04:00:00,26143,85.28590898401993
2023-06-30 05:00:00,26143,80.02255012882355
2023-06-30 06:00:00,26143,82.32326130914304
2023-06-30 07:00:00,26143,81.92219060394957
2023-06-30 08:00:00,26143,94.54884152636764
2023-06-30 09:00:00,26143,95.40279486681112
2023-06-30 10:00:00,26143,107.41162491565908
2023-06-30 11:00:00,26143,119.56106423983226
2023-06-30 12:00:00,26143,122.21887876950635
2023-06-30 13:00:00,26143,120.84052507766292
2023-06-30 14:00:00,26143,133.75576737220416
2023-06-30 15:00:00,26143,123.60560270291198
2023-06-30 16:00:00,26143,126.37870012482695
2023-06-30 17:00:00,26143,132.23993145180265
2023-06-30 18:00:00,26143,126.81255090647659
2023-06-30 19:00:00,26143,127.68143859096345
2023-06-30 20:00:00,26143,136.47310361965395
2023-06-30 21:00:00,26143,126.32791257215962
2023-06-30 22:00:00,26143,139.4236070310082
2023-06-30 23:00:00,26143,142.0079494403029
2023-07-01 00:00:00,26143,145.863476796415
2023-06-30 01:00:00,26145,34.37508058508732
2023-06-30 02:00:00,26145,39.220493465467236
2023-06-30 03:00:00,26145,37.94496839339531
2023-06-30 04:00:00,26145,44.08152810103331
2023-06-30 05:00:00,26145,33.33109176028697
2023-06-30 06:00:00,26145,36.13872148313975
2023-06-30 07:00:00,26145,39.733126955540584
2023-06-30 08:00:00,26145,45.36671736505387
2023-06-30 09:00:00,26145,44.5914119465355
2023-06-30 10:00:00,26145,33.575149673277224
2023-06-30 11:00:00,26145,11.865708363872074
2023-06-30 12:00:00,26145,0.0
2023-06-30 13:00:00,26145,0.0
2023-06-30 14:00:00,26145,0.0
2023-06-30 15:00:00,26145,0.0
2023-06-30 16:00:00,26145,0.0
2023-06-30 17:00:00,26145,0.0
2023-06-30 18:00:00,26145,0.0
2023-06-30 19:00:00,26145,0.0
2023-06-30 20:00:00,26145,0.0
2023-06-30 21:00:00,26145,0.0
2023-06-30 22:00:00,26145,0.0
2023-06-30 23:00:00,26145,0.0
2023-07-01 00:00:00,26145,0.0
2023-06-30 01:00:00,26147,0.0
2023-06-30 02:00:00,26147,0.0
2023-06-30 03:00:00,26147,0.0
2023-06-30 04:00:00,26147,0.0
2023-06-30 05:00:00,26147,0.0
2023-06-30 06:00:00,26147,0.0
2023-06-30 07:00:00,26147,0.0
2023-06-30 08:00:00,26147,0.0
2023-06-30 09:00:00,26147,0.0
2023-06-30 10:00:00,26147,0.0
2023-06-30 11:00:00,26147,0.0
2023-06-30 12:00:00,26147,0.0
2023-06-30 13:00:00,26147,0.0
2023-06-30 14:00:00,26147,0.0
2023-06-30 15:00:00,26147,0.0
2023-06-30 16:00:00,26147,0.0
2023-06-30 17:00:00,26147,0.0
2023-06-30 18:00:00,26147,0.0
2023-06-30 19:00:00,26147,0.0
2023-06-30 20:00:00,26147,0.0
2023-06-30 21:00:00,26147,0.0
2023-06-30 22:00:00,26147,0.0
2023-06-30 23:00:00,26147,0.0
2023-07-01 00:00:00,26147,0.0
2023-06-30 01:00:00,26149,0.0
2023-06-30 02:00:00,26149,0.0
2023-06-30 03:00:00,26149,2.8603662989726857
2023-06-30 04:00:00,26149,8.827634164386268
2023-06-30 05:00:00,26149,7.34417396094522
2023-06-30 06:00:00,26149,5.936949001104601
2023-06-30 07:00:00,26149,6.25950657087153
2023-06-30 08:00:00,26149,6.07390556231816
2023-06-30 09:00:00,26149,4.083648124192557
2023-06-30 10:00:00,26149,0.0
2023-06-30 11:00:00,26149,0.0
2023-06-30 12:00:00,26149,0.0
2023-06-30 13:00:00,26149,0.0
2023-06-30 14:00:00,26149,0.0
2023-06-30 15:00:00,26149,0.0
2023-06-30 16:00:00,26149,0.0
2023-06-30 17:00:00,26149,0.0
2023-06-30 18:00:00,26149,0.0
2023-06-30 19:00:00,26149,0.0
2023-06-30 20:00:00,26149,0.0
2023-06-30 21:00:00,26149,0.0
2023-06-30 22:00:00,26149,0.0
2023-06-30 23:00:00,26149,0.0
2023-07-01 00:00:00,26149,0.0
2023-06-30 01:00:00,26151,0.0
2023-06-30 02:00:00,26151,0.0
2023-06-30 03:00:00,26151,0.0
2023-06-30 04:00:00,26151,0.0
2023-06-30 05:00:00,26151,0.0
2023-06-30 06:00:00,26151,0.0
2023-06-30 07:00:00,26151,8.459222227800275
2023-06-30 08:00:00,26151,38.624090166522485
2023-06-30 09:00:00,26151,62.13681308321429
2023-06-30 10:00:00,26151,75.33695359981743
2023-06-30 11:00:00,26151,93.58045444862435
2023-06-30 12:00:00,26151,89.27860855974336
2023-06-30 13:00:00,26151,99.24997893866076
2023-06-30 14:00:00,26151,89.39151920960911
2023-06-30 15:00:00,26151,75.94196975602185
2023-06-30 16:00:00,26151,59.88558202652585
2023-06-30 17:00:00,26151,27.869044127524493
2023-06-30 18:00:00,26151,0.0
2023-06-30 19:00:00,26151,0.0
2023-06-30 20:00:00,26151,0.0
2023-06-30 21:00:00,26151,0.0
2023-06-30 22:00:00,26151,0.0
2023-06-30 23:00:00,26151,0.0
2023-07-01 00:00:00,26151,0.0
2023-06-30 01:00:00,26153,0.0
2023-06-30 02:00:00,26153,0.0
2023-06-30 03:00:00,26153,0.0
2023-06-30 04:00:00,26153,0.0
2023-06-30 05:00:00,26153,0.0
2023-06-30 06:00:00,26153,0.0
2023-06-30 07:00:00,26153,0.0
2023-06-30 08:00:00,26153,0.0
2023-06-30 09:00:00,26153,0.0
2023-06-30 10:00:00,26153,0.0
2023-06-30 11:00:00,26153,0.0
2023-06-30 12:00:00,26153,0.0
2023-06-30 13:00:00,26153,0.0
2023-06-30 14:00:00,26153,0.0
2023-06-30 15:00:00,26153,0.0
2023-06-30 16:00:00,26153,0.0
2023-06-30 17:00:00,26153,0.0
2023-06-30 18:00:00,26153,0.0
2023-06-30 19:00:00,26153,0.0
2023-06-30 20:00:00,26153,0.0
2023-06-30 21:00:00,26153,0.0
2023-06-30 22:00:00,26153,0.0
2023-06-30 23:00:00,26153,0.0
2023-07-01 00:00:00,26153,0.0
2023-06-30 01:00:00,26155,0.0
2023-06-30 02:00:00,26155,11.385450590759156
2023-06-30 03:00:00,26155,33.117226022980056
2023-06-30 04:00:00,26155,53.54386378938962
2023-06-30 05:00:00,26155,71.92593863739313
2023-06-30 06:00:00,26155,85.5256267717557
2023-06-30 07:00:00,26155,95.2187439029915
2023-06-30 08:00:00,26155,102.86880772460545
2023-06-30 09:00:00,26155,106.28127838121446
2023-06-30 10:00:00,26155,97.1896864358697
2023-06-30 11:00:00,26155,76.27126665071809
2023-06-30 12:00:00,26155,53.287688570176456
2023-06-30 13:00:00,26155,38.572952168958835
2023-06-30 14:00:00,26155,18.598159181760195
2023-06-30 15:00:00,26155,7.241560999571455
2023-06-30 16:00:00,26155,0.0
2023-06-30 17:00:00,26155,0.0
2023-06-30 18:00:00,26155,0.0
2023-06-30 19:00:00,26155,0.0
2023-06-30 20:00:00,26155,0.0
2023-06-30 21:00:00,26155,0.0
2023-06-30 22:00:00,26155,0.0
2023-06-30 23:00:00,26155,0.0
2023-07-01 00:00:00,26155,0.0
2023-06-30 01:00:00,26157,56.625864908764704
2023-06-30 02:00:00,26157,103.32130621833451
2023-06-30 03:00:00,26157,141.19952697908184
2023-06-30 04:00:00,26157,194.76602680236104
2023-06-30 05:00:00,26157,275.0913397450861
2023-06-30 06:00:00,26157,367.78649489447264
2023-06-30 07:00:00,26157,445.4719603477853
2023-06-30 08:00:00,26157,496.93166632626105
2023-06-30 09:00:00,26157,541.669380919139
2023-06-30 10:00:00,26157,561.7261510547779
2023-06-30 11:00:00,26157,584.0813005643107
2023-06-30 12:00:00,26157,573.6076348197615
2023-06-30 13:00:00,26157,556.6541890275741
2023-06-30 14:00:00,26157,527.3174223788666
2023-06-30 15:00:00,26157,483.8733885994201
2023-06-30 16:00:00,26157,431.6758882849824
2023-06-30 17:00:00,26157,362.95208059237746
2023-06-30 18:00:00,26157,294.5231588013796
2023-06-30 19:00:00,26157,250.6986901296732
2023-06-30 20:00:00,26157,197.3811679265827
2023-06-30 21:00:00,26157,154.73498934686805
2023-06-30 22:00:00,26157,147.30128481278487
2023-06-30 23:00:00,26157,94.54326136532617
2023-07-01 00:00:00,26157,51.09545356391924
2023-06-30 01:00:00,26159,226.1694613552428
2023-06-30 02:00:00,26159,238.71505167741105
2023-06-30 03:00:00,26159,253.68624634948884
2023-06-30 04:00:00,26159,251.77846476984823
2023-06-30 05:00:00,26159,256.790932036576
2023-06-30 06:00:00,26159,236.70042484034101
2023-06-30 07:00:00,26159,226.4799690120361
2023-06-30 08:00:00,26159,220.04716205915523
2023-06-30 09:00:00,26159,208.50961300261434
2023-06-30 10:00:00,26159,215.43470068428203
2023-06-30 11:00:00,26159,218.26734678127244
2023-06-30 12:00:00,26159,230.00233110094254
2023-06-30 13:00:00,26159,244.04816254562584
2023-06-30 14:00:00,26159,259.1110255153922
2023-06-30 15:00:00,26159,262.41074726593376
2023-06-30 16:00:00,26159,275.77311681223546
2023-06-30 17:00:00,26159,281.17444312738473
2023-06-30 18:00:00,26159,295.6689518685622
2023-06-30 19:00:00,26159,309.5648737695178
2023-06-30 20:00:00,26159,322.7990748343136
2023-06-30 21:00:00,26159,323.8196512443096
2023-06-30 22:00:00,26159,332.3455442550876
2023-06-30 23:00:00,26159,341.050838095484
2023-07-01 00:00:00,26159,347.43707631310326
2023-06-30 01:00:00,26161,0.0
2023-06-30 02:00:00,26161,0.0
2023-06-30 03:00:00,26161,0.0
2023-06-30 04:00:00,26161,0.0
2023-06-30 05:00:00,26161,28.67130684576013
2023-06-30 06:00:00,26161,78.75836060128273
2023-06-30 07:00:00,26161,132.65450776415446
2023-06-30 08:00:00,26161,163.6572894499884
2023-06-30 09:00:00,26161,165.65808719230347
2023-06-30 10:00:00,26161,152.81767836177735
2023-06-30 11:00:00,26161,136.7495776855542
2023-06-30 12:00:00,26161,98.02456748676323
2023-06-30 13:00:00,26161,79.38145162694758
2023-06-30 14:00:00,26161,47.38537431843162
2023-06-30 15:00:00,26161,6.4271001032137605
2023-06-30 16:00:00,26161,0.0
2023-06-30 17:00:00,26161,0.0
2023-06-30 18:00:00,26161,0.0
2023-06-30 19:00:00,26161,0.0
2023-06-30 20:00:00,26161,0.0
2023-06-30 21:00:00,26161,0.0
2023-06-30 22:00:00,26161,0.0
2023-06-30 23:00:00,26161,0.0
2023-07-01 00:00:00,26161,0.0
2023-06-30 01:00:00,26163,293.12809158371147
2023-06-30 02:00:00,26163,410.71497031682657
2023-06-30 03:00:00,26163,532.4710650242137
2023-06-30 04:00:00,26163,668.8343499855964
2023-06-30 05:00:00,26163,854.0002677215231
2023-06-30 06:00:00,26163,931.7565500011929
2023-06-30 07:00:00,26163,1043.443392374389
2023-06-30 08:00:00,26163,1094.5163689311212
2023-06-30 09:00:00,26163,1105.394609829827
2023-06-30 10:00:00,26163,1087.73175573828
2023-06-30 11:00:00,26163,1059.4848188025421
2023-06-30 12:00:00,26163,987.8243367933378
2023-06-30 13:00:00,26163,932.842228290006
2023-06-30 14:00:00,26163,864.6968164201346
2023-06-30 15:00:00,26163,798.8345800071166
2023-06-30 16:00:00,26163,739.907001117166
2023-06-30 17:00:00,26163,652.7992854801768
2023-06-30 18:00:00,26163,591.8756263753615
2023-06-30 19:00:00,26163,520.6390209469115
2023-06-30 20:00:00,26163,462.5837802758116
2023-06-30 21:00:00,26163,463.2387887443416
2023-06-30 22:00:00,26163,440.19407150804125
2023-06-30 23:00:00,26163,399.76901268123083
2023-07-01 00:00:00,26163,327.47298537389236
2023-06-30 01:00:00,26165,279.60134990238384
2023-06-30 02:00:00,26165,294.1467270681277
2023-06-30 03:00:00,26165,314.88842827498286
2023-06-30 04:00:00,26165,352.9394116302932
2023-06-30 05:00:00,26165,382.26234918424575
2023-06-30 06:00:00,26165,399.697872367277
2023-06-30 07:00:00,26165,400.2459951424281
2023-06-30 08:00:00,26165,397.9726860572713
2023-06-30 09:00:00,26165,394.28810841731615
2023-06-30 10:00:00,26165,396.03254223932004
2023-06-30 11:00:00,26165,388.7329907072798
2023-06-30 12:00:00,26165,388.07170118791566
2023-06-30 13:00:00,26165,393.91226974465803
2023-06-30 14:00:00,26165,385.77682626298497
2023-06-30 15:00:00,26165,381.58693403982977
2023-06-30 16:00:00,26165,374.72120633213945
2023-06-30 17:00:00,26165,346.1228809945869
2023-06-30 18:00:00,26165,343.03702498135226
2023-06-30 19:00:00,26165,349.7827387907013
2023-06-30 20:00:00,26165,346.72853064733465
2023-06-30 21:00:00,26165,358.44668013333137
2023-06-30 22:00:00,26165,347.91918066124674
2023-06-30 23:00:00,26165,352.89929916831386
2023-07-01 00:00:00,26165,359.65045835220576
