timestamp,location,pred
2023-06-30 01:00:00,26001,78.28603501361161
2023-06-30 02:00:00,26001,73.47404918488111
2023-06-30 03:00:00,26001,76.61096232378026
2023-06-30 04:00:00,26001,60.25761971992382
2023-06-30 05:00:00,26001,57.73672131551372
2023-06-30 06:00:00,26001,60.909972894431746
2023-06-30 07:00:00,26001,60.86298632102456
2023-06-30 08:00:00,26001,57.53344979699569
2023-06-30 09:00:00,26001,53.73898072474317
2023-06-30 10:00:00,26001,49.12761112050854
2023-06-30 11:00:00,26001,39.08721657566508
2023-06-30 12:00:00,26001,45.54028193928348
2023-06-30 13:00:00,26001,37.67635238036263
2023-06-30 14:00:00,26001,36.121778820267444
2023-06-30 15:00:00,26001,28.353601589942315
2023-06-30 16:00:00,26001,26.450362315304034
2023-06-30 17:00:00,26001,27.803780504908996
2023-06-30 18:00:00,26001,12.336463688834655
2023-06-30 19:00:00,26001,0.0
2023-06-30 20:00:00,26001,3.8457229968879787
2023-06-30 21:00:00,26001,0.0
2023-06-30 22:00:00,26001,0.0
2023-06-30 23:00:00,26001,0.0
2023-07-01 00:00:00,26001,0.0
2023-06-30 01:00:00,26003,0.0
2023-06-30 02:00:00,26003,0.0
2023-06-30 03:00:00,26003,0.0
2023-06-30 04:00:00,26003,0.0
2023-06-30 05:00:00,26003,0.0
2023-06-30 06:00:00,26003,0.0
2023-06-30 07:00:00,26003,0.0
2023-06-30 08:00:00,26003,0.0
2023-06-30 09:00:00,26003,0.0
2023-06-30 10:00:00,26003,0.0
2023-06-30 11:00:00,26003,0.0
2023-06-30 12:00:00,26003,0.0
2023-06-30 13:00:00,26003,0.0
2023-06-30 14:00:00,26003,0.0
2023-06-30 15:00:00,26003,0.0
2023-06-30 16:00:00,26003,0.0
2023-06-30 17:00:00,26003,0.0
2023-06-30 18:00:00,26003,0.0
2023-06-30 19:00:00,26003,0.0
2023-06-30 20:00:00,26003,0.0
2023-06-30 21:00:00,26003,0.0
2023-06-30 22:00:00,26003,0.0
2023-06-30 23:00:00,26003,0.0
2023-07-01 00:00:00,26003,0.0
2023-06-30 01:00:00,26005,539.1567449270923
2023-06-30 02:00:00,26005,531.9056626199438
2023-06-30 03:00:00,26005,602.8549571480072
2023-06-30 04:00:00,26005,581.195198141981
2023-06-30 05:00:00,26005,548.6507823999161
2023-06-30 06:00:00,26005,493.4559538445153
2023-06-30 07:00:00,26005,412.6200157305459
2023-06-30 08:00:00,26005,336.5187499097178
2023-06-30 09:00:00,26005,217.73774367102706
2023-06-30 10:00:00,26005,113.91712222722755
2023-06-30 11:00:00,26005,43.180089477137855
2023-06-30 12:00:00,26005,0.0
2023-06-30 13:00:00,26005,0.0
2023-06-30 14:00:00,26005,0.0
2023-06-30 15:00:00,26005,0.0
2023-06-30 16:00:00,26005,0.0
2023-06-30 17:00:00,26005,0.0
2023-06-30 18:00:00,26005,0.0
2023-06-30 19:00:00,26005,0.0
2023-06-30 20:00:00,26005,0.0
2023-06-30 21:00:00,26005,0.0
2023-06-30 22:00:00,26005,0.0
2023-06-30 23:00:00,26005,0.0
2023-07-01 00:00:00,26005,0.0
2023-06-30 01:00:00,26007,0.0
2023-06-30 02:00:00,26007,0.0
2023-06-30 03:00:00,26007,0.0
2023-06-30 04:00:00,26007,0.0
2023-06-30 05:00:00,26007,0.0
2023-06-30 06:00:00,26007,0.0
2023-06-30 07:00:00,26007,0.0
2023-06-30 08:00:00,26007,0.0
2023-06-30 09:00:00,26007,0.0
2023-06-30 10:00:00,26007,0.0
2023-06-30 11:00:00,26007,0.0
2023-06-30 12:00:00,26007,0.0
2023-06-30 13:00:00,26007,0.0
2023-06-30 14:00:00,26007,0.0
2023-06-30 15:00:00,26007,0.0
2023-06-30 16:00:00,26007,0.0
2023-06-30 17:00:00,26007,0.0
2023-06-30 18:00:00,26007,0.0
2023-06-30 19:00:00,26007,0.0
2023-06-30 20:00:00,26007,0.0
2023-06-30 21:00:00,26007,0.0
2023-06-30 22:00:00,26007,0.0
2023-06-30 23:00:00,26007,0.0
2023-07-01 00:00:00,26007,0.0
2023-06-30 01:00:00,26009,91.47472541715985
2023-06-30 02:00:00,26009,105.6736541062624
2023-06-30 03:00:00,26009,131.16318950784586
2023-06-30 04:00:00,26009,133.6196127906572
2023-06-30 05:00:00,26009,145.505268197772
2023-06-30 06:00:00,26009,146.50578163745334
2023-06-30 07:00:00,26009,152.6108619583465
2023-06-30 08:00:00,26009,145.7955376618026
2023-06-30 09:00:00,26009,141.8967573182941
2023-06-30 10:00:00,26009,133.16208676053083
2023-06-30 11:00:00,26009,126.90221088533622
2023-06-30 12:00:00,26009,136.8154613260632
2023-06-30 13:00:00,26009,125.23982160502183
2023-06-30 14:00:00,26009,123.12872807091358
2023-06-30 15:00:00,26009,123.35760902416301
2023-06-30 16:00:00,26009,125.43883387018452
2023-06-30 17:00:00,26009,134.11838348935092
2023-06-30 18:00:00,26009,133.76882818391715
2023-06-30 19:00:00,26009,138.71213649822033
2023-06-30 20:00:00,26009,143.11991109634033
2023-06-30 21:00:00,26009,144.5723434478068
2023-06-30 22:00:00,26009,154.4470988645375
2023-06-30 23:00:00,26009,160.92927811185058
2023-07-01 00:00:00,26009,166.96774020581745
2023-06-30 01:00:00,26011,168.46779262723447
2023-06-30 02:00:00,26011,165.3258249946383
2023-06-30 03:00:00,26011,185.20580915873134
2023-06-30 04:00:00,26011,187.13963148989885
2023-06-30 05:00:00,26011,185.0789076703123
2023-06-30 06:00:00,26011,167.01901298987968
2023-06-30 07:00:00,26011,146.24890552844752
2023-06-30 08:00:00,26011,153.35988400964055
2023-06-30 09:00:00,26011,118.32213370212652
2023-06-30 10:00:00,26011,109.53673624562029
2023-06-30 11:00:00,26011,68.66535888604103
2023-06-30 12:00:00,26011,75.76990131192656
2023-06-30 13:00:00,26011,46.58638691211163
2023-06-30 14:00:00,26011,41.04135123216955
2023-06-30 15:00:00,26011,10.568550058777042
2023-06-30 16:00:00,26011,8.65045731199455
2023-06-30 17:00:00,26011,0.0
2023-06-30 18:00:00,26011,0.0
2023-06-30 19:00:00,26011,0.0
2023-06-30 20:00:00,26011,0.0
2023-06-30 21:00:00,26011,0.0
2023-06-30 22:00:00,26011,0.0
2023-06-30 23:00:00,26011,0.0
2023-07-01 00:00:00,26011,0.0
2023-06-30 01:00:00,26013,0.0
2023-06-30 02:00:00,26013,0.0
2023-06-30 03:00:00,26013,0.0
2023-06-30 04:00:00,26013,0.0
2023-06-30 05:00:00,26013,0.0
2023-06-30 06:00:00,26013,0.0
2023-06-30 07:00:00,26013,0.0
2023-06-30 08:00:00,26013,0.0
2023-06-30 09:00:00,26013,0.0
2023-06-30 10:00:00,26013,0.0
2023-06-30 11:00:00,26013,0.0
2023-06-30 12:00:00,26013,0.0
2023-06-30 13:00:00,26013,0.0
2023-06-30 14:00:00,26013,0.0
2023-06-30 15:00:00,26013,0.0
2023-06-30 16:00:00,26013,0.0
2023-06-30 17:00:00,26013,0.0
2023-06-30 18:00:00,26013,0.0
2023-06-30 19:00:00,26013,0.0
2023-06-30 20:00:00,26013,0.0
2023-06-30 21:00:00,26013,8.761440514930527
2023-06-30 22:00:00,26013,25.631372592593834
2023-06-30 23:00:00,26013,45.06178986930204
2023-07-01 00:00:00,26013,62.835627163784935
2023-06-30 01:00:00,26015,17.0092150645255
2023-06-30 02:00:00,26015,53.851062437642625
2023-06-30 03:00:00,26015,94.21116091145933
2023-06-30 04:00:00,26015,108.8456319527688
2023-06-30 05:00:00,26015,128.16431122214894
2023-06-30 06:00:00,26015,135.22495368544492
2023-06-30 07:00:00,26015,123.64351814496432
2023-06-30 08:00:00,26015,126.88053721636354
2023-06-30 09:00:00,26015,125.56717757413843
2023-06-30 10:00:00,26015,114.26504661602841
2023-06-30 11:00:00,26015,90.55936334796043
2023-06-30 12:00:00,26015,92.51973861934945
2023-06-30 13:00:00,26015,77.46535372034415
2023-06-30 14:00:00,26015,60.67799185171483
2023-06-30 15:00:00,26015,34.21212370829645
2023-06-30 16:00:00,26015,27.051510098999024
2023-06-30 17:00:00,26015,17.854137709563705
2023-06-30 18:00:00,26015,7.126776817375344
2023-06-30 19:00:00,26015,0.0
2023-06-30 20:00:00,26015,0.0
2023-06-30 21:00:00,26015,0.0
2023-06-30 22:00:00,26015,0.0
2023-06-30 23:00:00,26015,0.0
2023-07-01 00:00:00,26015,0.0
2023-06-30 01:00:00,26017,163.85950963381745
2023-06-30 02:00:00,26017,154.1052061715484
2023-06-30 03:00:00,26017,163.9722585398849
2023-06-30 04:00:00,26017,148.56265730250522
2023-06-30 05:00:00,26017,148.15620861601818
2023-06-30 06:00:00,26017,124.2723645541188
2023-06-30 07:00:00,26017,100.741715033115
2023-06-30 08:00:00,26017,95.72670030156391
2023-06-30 09:00:00,26017,64.0248619194619
2023-06-30 10:00:00,26017,41.09100657824875
2023-06-30 11:00:00,26017,4.3846263755358095
2023-06-30 12:00:00,26017,9.609867608931978
2023-06-30 13:00:00,26017,0.0
2023-06-30 14:00:00,26017,0.0
2023-06-30 15:00:00,26017,0.0
2023-06-30 16:00:00,26017,0.0
2023-06-30 17:00:00,26017,0.0
2023-06-30 18:00:00,26017,0.0
2023-06-30 19:00:00,26017,0.0
2023-06-30 20:00:00,26017,0.0
2023-06-30 21:00:00,26017,0.0
2023-06-30 22:00:00,26017,0.0
2023-06-30 23:00:00,26017,0.0
2023-07-01 00:00:00,26017,0.0
2023-06-30 01:00:00,26019,105.99206025187287
2023-06-30 02:00:00,26019,130.62642249520061
2023-06-30 03:00:00,26019,163.10192863986316
2023-06-30 04:00:00,26019,183.46668592477175
2023-06-30 05:00:00,26019,206.37704797928131
2023-06-30 06:00:00,26019,203.25372131943965
2023-06-30 07:00:00,26019,202.33486827992684
2023-06-30 08:00:00,26019,193.79883932445517
2023-06-30 09:00:00,26019,179.65697249952913
2023-06-30 10:00:00,26019,170.35563928373418
2023-06-30 11:00:00,26019,159.64163573355574
2023-06-30 12:00:00,26019,167.32667665155282
2023-06-30 13:00:00,26019,150.05346337011923
2023-06-30 14:00:00,26019,148.43412489745333
2023-06-30 15:00:00,26019,147.9118946086806
2023-06-30 16:00:00,26019,150.4577824299286
2023-06-30 17:00:00,26019,158.13574705674992
2023-06-30 18:00:00,26019,166.2371299902303
2023-06-30 19:00:00,26019,176.45458007961673
2023-06-30 20:00:00,26019,191.67046616122815
2023-06-30 21:00:00,26019,216.0268986444709
2023-06-30 22:00:00,26019,244.14708235693834
2023-06-30 23:00:00,26019,267.36893600968085
2023-07-01 00:00:00,26019,290.2877356990019
2023-06-30 01:00:00,26021,0.0
2023-06-30 02:00:00,26021,0.0
2023-06-30 03:00:00,26021,0.0
2023-06-30 04:00:00,26021,0.0
2023-06-30 05:00:00,26021,10.06986697130737
2023-06-30 06:00:00,26021,34.685480412681756
2023-06-30 07:00:00,26021,39.06048841299541
2023-06-30 08:00:00,26021,50.157743893254214
2023-06-30 09:00:00,26021,59.54031293174714
2023-06-30 10:00:00,26021,61.00790876430457
2023-06-30 11:00:00,26021,53.748388822344495
2023-06-30 12:00:00,26021,56.73249450779634
2023-06-30 13:00:00,26021,47.32323774258332
2023-06-30 14:00:00,26021,34.99690461766545
2023-06-30 15:00:00,26021,12.943218590870835
2023-06-30 16:00:00,26021,3.0837479630797944
2023-06-30 17:00:00,26021,0.0
2023-06-30 18:00:00,26021,0.0
2023-06-30 19:00:00,26021,0.0
2023-06-30 20:00:00,26021,0.0
2023-06-30 21:00:00,26021,0.0
2023-06-30 22:00:00,26021,0.0
2023-06-30 23:00:00,26021,0.0
2023-07-01 00:00:00,26021,0.0
2023-06-30 01:00:00,26023,0.0
2023-06-30 02:00:00,26023,23.480011592032927
2023-06-30 03:00:00,26023,53.42208418791687
2023-06-30 04:00:00,26023,76.01630450999221
2023-06-30 05:00:00,26023,106.10751162723699
2023-06-30 06:00:00,26023,114.82955942940765
2023-06-30 07:00:00,26023,120.33473874171774
2023-06-30 08:00:00,26023,132.61217132494852
2023-06-30 09:00:00,26023,134.14822522013793
2023-06-30 10:00:00,26023,128.2718438907211
2023-06-30 11:00:00,26023,118.84933761269706
2023-06-30 12:00:00,26023,117.72190246662193
2023-06-30 13:00:00,26023,106.82647628934629
2023-06-30 14:00:00,26023,91.93341735049896
2023-06-30 15:00:00,26023,71.9482997175086
2023-06-30 16:00:00,26023,66.62374779195403
2023-06-30 17:00:00,26023,52.24723115163907
2023-06-30 18:00:00,26023,37.3688504624878
2023-06-30 19:00:00,26023,26.053496948866474
2023-06-30 20:00:00,26023,17.963153029620322
2023-06-30 21:00:00,26023,0.36666780997730797
2023-06-30 22:00:00,26023,0.0
2023-06-30 23:00:00,26023,0.0
2023-07-01 00:00:00,26023,0.0
2023-06-30 01:00:00,26025,0.0
2023-06-30 02:00:00,26025,1.9193341411175027
2023-06-30 03:00:00,26025,42.4585369142557
2023-06-30 04:00:00,26025,62.85456466683631
2023-06-30 05:00:00,26025,91.75345041758649
2023-06-30 06:00:00,26025,102.55022635654682
2023-06-30 07:00:00,26025,108.30381718575151
2023-06-30 08:00:00,26025,125.71940544564181
2023-06-30 09:00:00,26025,123.86430516897364
2023-06-30 10:00:00,26025,127.67835198014582
2023-06-30 11:00:00,26025,110.90622098585675
2023-06-30 12:00:00,26025,121.6021092306252
2023-06-30 13:00:00,26025,111.62111509570873
2023-06-30 14:00:00,26025,101.3619216277101
2023-06-30 15:00:00,26025,78.3015691575737
2023-06-30 16:00:00,26025,73.0389920640691
2023-06-30 17:00:00,26025,59.54314344821745
2023-06-30 18:00:00,26025,41.90115430665169
2023-06-30 19:00:00,26025,32.50300394892219
2023-06-30 20:00:00,26025,26.937723336892454
2023-06-30 21:00:00,26025,10.71471253784405
2023-06-30 22:00:00,26025,4.067958975757108
2023-06-30 23:00:00,26025,2.1928900793233694
2023-07-01 00:00:00,26025,0.0
2023-06-30 01:00:00,26027,0.0
2023-06-30 02:00:00,26027,27.796400944111397
2023-06-30 03:00:00,26027,72.53146024296726
2023-06-30 04:00:00,26027,94.3474300615301
2023-06-30 05:00:00,26027,125.06575158142252
2023-06-30 06:00:00,26027,149.26872963602474
2023-06-30 07:00:00,26027,154.35359073114324
2023-06-30 08:00:00,26027,164.52238963386498
2023-06-30 09:00:00,26027,169.83703475177344
2023-06-30 10:00:00,26027,169.20728527307847
2023-06-30 11:00:00,26027,161.5612650464221
2023-06-30 12:00:00,26027,167.68461567719865
2023-06-30 13:00:00,26027,155.12812112729478
2023-06-30 14:00:00,26027,145.5504351534483
2023-06-30 15:00:00,26027,125.37757340657704
2023-06-30 16:00:00,26027,116.86871740922037
2023-06-30 17:00:00,26027,111.20880319653318
2023-06-30 18:00:00,26027,97.5934798283346
2023-06-30 19:00:00,26027,86.56877992026482
2023-06-30 20:00:00,26027,80.77517097962985
2023-06-30 21:00:00,26027,69.4118334725118
2023-06-30 22:00:00,26027,67.81803704132798
2023-06-30 23:00:00,26027,70.67723607853989
2023-07-01 00:00:00,26027,61.392009849326
2023-06-30 01:00:00,26029,69.79681066977405
2023-06-30 02:00:00,26029,83.51525244871608
2023-06-30 03:00:00,26029,107.81764228535064
2023-06-30 04:00:00,26029,113.46934800027394
2023-06-30 05:00:00,26029,131.13477651394385
2023-06-30 06:00:00,26029,141.1164850173028
2023-06-30 07:00:00,26029,137.82559178241866
2023-06-30 08:00:00,26029,130.00810965091065
2023-06-30 09:00:00,26029,120.65000436191114
2023-06-30 10:00:00,26029,107.42848670663221
2023-06-30 11:00:00,26029,99.33699710214809
2023-06-30 12:00:00,26029,102.63539794500352
2023-06-30 13:00:00,26029,91.51878712354772
2023-06-30 14:00:00,26029,86.89426235705106
2023-06-30 15:00:00,26029,87.28552060514744
2023-06-30 16:00:00,26029,93.21146293009446
2023-06-30 17:00:00,26029,94.89602458942628
2023-06-30 18:00:00,26029,94.69392571344595
2023-06-30 19:00:00,26029,103.4660197425417
2023-06-30 20:00:00,26029,102.24757675262109
2023-06-30 21:00:00,26029,106.75233023647394
2023-06-30 22:00:00,26029,122.38880410827412
2023-06-30 23:00:00,26029,128.6271276223448
2023-07-01 00:00:00,26029,131.01233645862806
2023-06-30 01:00:00,26031,78.47954798963201
2023-06-30 02:00:00,26031,98.24603518259042
2023-06-30 03:00:00,26031,125.39207643382494
2023-06-30 04:00:00,26031,127.28067115539181
2023-06-30 05:00:00,26031,141.53685040976893
2023-06-30 06:00:00,26031,146.89662878672902
2023-06-30 07:00:00,26031,152.5190993101089
2023-06-30 08:00:00,26031,143.99383305654936
2023-06-30 09:00:00,26031,148.26688854933235
2023-06-30 10:00:00,26031,144.92096198707537
2023-06-30 11:00:00,26031,138.63119720581923
2023-06-30 12:00:00,26031,147.19089467044267
2023-06-30 13:00:00,26031,142.9248480755862
2023-06-30 14:00:00,26031,142.30989815443598
2023-06-30 15:00:00,26031,145.01306834088433
2023-06-30 16:00:00,26031,142.00776073920485
2023-06-30 17:00:00,26031,148.5518878612682
2023-06-30 18:00:00,26031,148.50662655504289
2023-06-30 19:00:00,26031,146.317316415805
2023-06-30 20:00:00,26031,144.75619223187852
2023-06-30 21:00:00,26031,137.872942279372
2023-06-30 22:00:00,26031,141.58914083189546
2023-06-30 23:00:00,26031,139.11257370687042
2023-07-01 00:00:00,26031,140.6260373848968
2023-06-30 01:00:00,26033,56.71732428738045
2023-06-30 02:00:00,26033,63.96723395199132
2023-06-30 03:00:00,26033,90.44910125279189
2023-06-30 04:00:00,26033,105.70334083257605
2023-06-30 05:00:00,26033,126.20126043876299
2023-06-30 06:00:00,26033,138.6895328024074
2023-06-30 07:00:00,26033,138.7433530512929
2023-06-30 08:00:00,26033,140.0187096402416
2023-06-30 09:00:00,26033,138.53483159865493
2023-06-30 10:00:00,26033,137.68523860144072
2023-06-30 11:00:00,26033,121.65757387479347
2023-06-30 12:00:00,26033,136.39616748626088
2023-06-30 13:00:00,26033,132.32054725660714
2023-06-30 14:00:00,26033,124.42936386767214
2023-06-30 15:00:00,26033,128.11775596553724
2023-06-30 16:00:00,26033,124.9920705419703
2023-06-30 17:00:00,26033,132.73542009925583
2023-06-30 18:00:00,26033,125.12720748545296
2023-06-30 19:00:00,26033,133.24879491507141
2023-06-30 20:00:00,26033,143.4911939853462
2023-06-30 21:00:00,26033,141.62232526784743
2023-06-30 22:00:00,26033,149.1490190073053
2023-06-30 23:00:00,26033,149.41479102521782
2023-07-01 00:00:00,26033,149.25989438104241
2023-06-30 01:00:00,26035,61.354512245419286
2023-06-30 02:00:00,26035,62.45188326298475
2023-06-30 03:00:00,26035,76.91078141123567
2023-06-30 04:00:00,26035,73.72194177375614
2023-06-30 05:00:00,26035,77.52565719981169
2023-06-30 06:00:00,26035,56.93693866885207
2023-06-30 07:00:00,26035,45.571511971005926
2023-06-30 08:00:00,26035,37.59703052594458
2023-06-30 09:00:00,26035,13.614455353830714
2023-06-30 10:00:00,26035,0.0
2023-06-30 11:00:00,26035,0.0
2023-06-30 12:00:00,26035,0.0
2023-06-30 13:00:00,26035,0.0
2023-06-30 14:00:00,26035,0.0
2023-06-30 15:00:00,26035,0.0
2023-06-30 16:00:00,26035,0.0
2023-06-30 17:00:00,26035,0.0
2023-06-30 18:00:00,26035,0.0
2023-06-30 19:00:00,26035,0.0
2023-06-30 20:00:00,26035,0.0
2023-06-30 21:00:00,26035,0.0
2023-06-30 22:00:00,26035,0.0
2023-06-30 23:00:00,26035,0.0
2023-07-01 00:00:00,26035,0.0
2023-06-30 01:00:00,26037,12.023732054814673
2023-06-30 02:00:00,26037,45.213269675738275
2023-06-30 03:00:00,26037,77.49969732018396
2023-06-30 04:00:00,26037,93.07968890975152
2023-06-30 05:00:00,26037,117.06778358898251
2023-06-30 06:00:00,26037,125.82932383523895
2023-06-30 07:00:00,26037,120.06104127768836
2023-06-30 08:00:00,26037,126.9076562598791
2023-06-30 09:00:00,26037,125.42483629230634
2023-06-30 10:00:00,26037,111.00113763816124
2023-06-30 11:00:00,26037,97.8202850695058
2023-06-30 12:00:00,26037,94.12131223150169
2023-06-30 13:00:00,26037,84.05131857156867
2023-06-30 14:00:00,26037,64.52373370802958
2023-06-30 15:00:00,26037,57.29910999055352
2023-06-30 16:00:00,26037,54.47552154626812
2023-06-30 17:00:00,26037,47.317307136645525
2023-06-30 18:00:00,26037,44.031427959508775
2023-06-30 19:00:00,26037,42.944401805709816
2023-06-30 20:00:00,26037,44.40430132919797
2023-06-30 21:00:00,26037,39.619191928285574
2023-06-30 22:00:00,26037,40.96810824883775
2023-06-30 23:00:00,26037,43.07536036773628
2023-07-01 00:00:00,26037,41.69722233429059
2023-06-30 01:00:00,26039,0.0
2023-06-30 02:00:00,26039,0.0
2023-06-30 03:00:00,26039,0.0
2023-06-30 04:00:00,26039,5.360669326398792
2023-06-30 05:00:00,26039,27.269432909913387
2023-06-30 06:00:00,26039,44.06275234178023
2023-06-30 07:00:00,26039,56.686357089330244
2023-06-30 08:00:00,26039,59.620106538910235
2023-06-30 09:00:00,26039,63.778000447301054
2023-06-30 10:00:00,26039,58.85202567671609
2023-06-30 11:00:00,26039,55.858484936363205
2023-06-30 12:00:00,26039,52.59468378769489
2023-06-30 13:00:00,26039,41.196840936938735
2023-06-30 14:00:00,26039,35.667710063829844
2023-06-30 15:00:00,26039,17.971240219535503
2023-06-30 16:00:00,26039,10.661390999003302
2023-06-30 17:00:00,26039,6.427342718911213
2023-06-30 18:00:00,26039,0.0
2023-06-30 19:00:00,26039,0.0
2023-06-30 20:00:00,26039,0.0
2023-06-30 21:00:00,26039,0.0
2023-06-30 22:00:00,26039,0.0
2023-06-30 23:00:00,26039,0.0
2023-07-01 00:00:00,26039,0.0
2023-06-30 01:00:00,26041,0.0
2023-06-30 02:00:00,26041,0.0
2023-06-30 03:00:00,26041,0.0
2023-06-30 04:00:00,26041,0.0
2023-06-30 05:00:00,26041,0.0
2023-06-30 06:00:00,26041,0.0
2023-06-30 07:00:00,26041,0.0
2023-06-30 08:00:00,26041,0.0
2023-06-30 09:00:00,26041,0.0
2023-06-30 10:00:00,26041,0.0
2023-06-30 11:00:00,26041,0.0
2023-06-30 12:00:00,26041,0.0
2023-06-30 13:00:00,26041,0.0
2023-06-30 14:00:00,26041,0.0
2023-06-30 15:00:00,26041,0.0
2023-06-30 16:00:00,26041,0.0
2023-06-30 17:00:00,26041,0.0
2023-06-30 18:00:00,26041,0.0
2023-06-30 19:00:00,26041,0.0
2023-06-30 20:00:00,26041,0.0
2023-06-30 21:00:00,26041,0.0
2023-06-30 22:00:00,26041,0.0
2023-06-30 23:00:00,26041,9.41429239948323
2023-07-01 00:00:00,26041,15.495670514599986
2023-06-30 01:00:00,26043,0.0
2023-06-30 02:00:00,26043,0.0
2023-06-30 03:00:00,26043,0.0
2023-06-30 04:00:00,26043,0.0
2023-06-30 05:00:00,26043,0.0
2023-06-30 06:00:00,26043,0.0
2023-06-30 07:00:00,26043,0.0
2023-06-30 08:00:00,26043,0.0
2023-06-30 09:00:00,26043,0.0
2023-06-30 10:00:00,26043,0.0
2023-06-30 11:00:00,26043,0.0
2023-06-30 12:00:00,26043,0.0
2023-06-30 13:00:00,26043,0.0
2023-06-30 14:00:00,26043,0.0
2023-06-30 15:00:00,26043,0.0
2023-06-30 16:00:00,26043,0.0
2023-06-30 17:00:00,26043,0.0
2023-06-30 18:00:00,26043,0.0
2023-06-30 19:00:00,26043,0.0
2023-06-30 20:00:00,26043,0.0
2023-06-30 21:00:00,26043,0.0
2023-06-30 22:00:00,26043,8.574356854892713
2023-06-30 23:00:00,26043,21.00474515671923
2023-07-01 00:00:00,26043,33.16216384160873
2023-06-30 01:00:00,26045,36.3393781435852
2023-06-30 02:00:00,26045,60.27589002980719
2023-06-30 03:00:00,26045,85.51563909221045
2023-06-30 04:00:00,26045,104.15526398171272
2023-06-30 05:00:00,26045,133.5459182725551
2023-06-30 06:00:00,26045,144.70844411475434
2023-06-30 07:00:00,26045,152.96831575259742
2023-06-30 08:00:00,26045,162.14623845028672
2023-06-30 09:00:00,26045,168.16662567479318
2023-06-30 10:00:00,26045,157.604957825317
2023-06-30 11:00:00,26045,150.3603991847
2023-06-30 12:00:00,26045,150.7701231831027
2023-06-30 13:00:00,26045,143.27251637003974
2023-06-30 14:00:00,26045,124.55878586361473
2023-06-30 15:00:00,26045,121.5988204400597
2023-06-30 16:00:00,26045,122.656638359615
2023-06-30 17:00:00,26045,117.811899411728
2023-06-30 18:00:00,26045,113.57861941467786
2023-06-30 19:00:00,26045,108.95687125005209
2023-06-30 20:00:00,26045,110.64865746570814
2023-06-30 21:00:00,26045,104.5905704575471
2023-06-30 22:00:00,26045,105.88279557679388
2023-06-30 23:00:00,26045,101.29169786194663
2023-07-01 00:00:00,26045,98.72075323061142
2023-06-30 01:00:00,26047,117.23164353531389
2023-06-30 02:00:00,26047,115.20278324399317
2023-06-30 03:00:00,26047,123.96421566105074
2023-06-30 04:00:00,26047,102.0672795927871
2023-06-30 05:00:00,26047,97.83811732326876
2023-06-30 06:00:00,26047,101.78021804742289
2023-06-30 07:00:00,26047,101.57398122593595
2023-06-30 08:00:00,26047,93.09204209234696
2023-06-30 09:00:00,26047,99.49855219935365
2023-06-30 10:00:00,26047,101.04312460125374
2023-06-30 11:00:00,26047,92.79017425011304
2023-06-30 12:00:00,26047,105.49993452755943
2023-06-30 13:00:00,26047,106.18039068702261
2023-06-30 14:00:00,26047,111.18974438563308
2023-06-30 15:00:00,26047,106.44914148655388
2023-06-30 16:00:00,26047,113.96510622072428
2023-06-30 17:00:00,26047,130.10201540447576
2023-06-30 18:00:00,26047,131.0904182772591
2023-06-30 19:00:00,26047,125.2097237798875
2023-06-30 20:00:00,26047,141.41785414949197
2023-06-30 21:00:00,26047,142.70741049606676
2023-06-30 22:00:00,26047,135.0649081970235
2023-06-30 23:00:00,26047,137.6077633220533
2023-07-01 00:00:00,26047,148.11590745294086
2023-06-30 01:00:00,26049,129.14958704816507
2023-06-30 02:00:00,26049,140.6095058208452
2023-06-30 03:00:00,26049,164.79986111985477
2023-06-30 04:00:00,26049,172.02639880561077
2023-06-30 05:00:00,26049,200.84640749738824
2023-06-30 06:00:00,26049,215.94539324877576
2023-06-30 07:00:00,26049,214.18533767158573
2023-06-30 08:00:00,26049,229.71786419567613
2023-06-30 09:00:00,26049,225.72542071430001
2023-06-30 10:00:00,26049,221.60650706130036
2023-06-30 11:00:00,26049,202.95740668094749
2023-06-30 12:00:00,26049,206.43244523020027
2023-06-30 13:00:00,26049,191.80220648494642
2023-06-30 14:00:00,26049,170.91322407108606
2023-06-30 15:00:00,26049,146.12601393836144
2023-06-30 16:00:00,26049,134.18313492327178
2023-06-30 17:00:00,26049,121.40207258807324
2023-06-30 18:00:00,26049,98.14020082390043
2023-06-30 19:00:00,26049,84.03649205672417
2023-06-30 20:00:00,26049,79.03537381317733
2023-06-30 21:00:00,26049,65.0642410460106
2023-06-30 22:00:00,26049,64.2130912647377
2023-06-30 23:00:00,26049,61.550222241366626
2023-07-01 00:00:00,26049,48.18576350433691
2023-06-30 01:00:00,26051,132.43677365433814
2023-06-30 02:00:00,26051,161.80560601105938
2023-06-30 03:00:00,26051,197.50115486762422
2023-06-30 04:00:00,26051,201.02105036360655
2023-06-30 05:00:00,26051,202.69813137226683
2023-06-30 06:00:00,26051,188.05793190476746
2023-06-30 07:00:00,26051,155.66374919402693
2023-06-30 08:00:00,26051,134.796561756988
2023-06-30 09:00:00,26051,89.7908511689708
2023-06-30 10:00:00,26051,63.60214450259548
2023-06-30 11:00:00,26051,18.718146122801738
2023-06-30 12:00:00,26051,2.4370153855629084
2023-06-30 13:00:00,26051,0.0
2023-06-30 14:00:00,26051,0.0
2023-06-30 15:00:00,26051,0.0
2023-06-30 16:00:00,26051,0.0
2023-06-30 17:00:00,26051,0.0
2023-06-30 18:00:00,26051,0.0
2023-06-30 19:00:00,26051,0.0
2023-06-30 20:00:00,26051,0.0
2023-06-30 21:00:00,26051,0.0
2023-06-30 22:00:00,26051,0.0
2023-06-30 23:00:00,26051,0.0
2023-07-01 00:00:00,26051,0.0
2023-06-30 01:00:00,26053,0.0
2023-06-30 02:00:00,26053,0.0
2023-06-30 03:00:00,26053,0.0
2023-06-30 04:00:00,26053,0.0
2023-06-30 05:00:00,26053,0.0
2023-06-30 06:00:00,26053,0.0
2023-06-30 07:00:00,26053,0.0
2023-06-30 08:00:00,26053,0.0
2023-06-30 09:00:00,26053,0.0
2023-06-30 10:00:00,26053,0.0
2023-06-30 11:00:00,26053,0.0
2023-06-30 12:00:00,26053,0.0
2023-06-30 13:00:00,26053,0.0
2023-06-30 14:00:00,26053,0.0
2023-06-30 15:00:00,26053,0.0
2023-06-30 16:00:00,26053,0.0
2023-06-30 17:00:00,26053,0.0
2023-06-30 18:00:00,26053,0.0
2023-06-30 19:00:00,26053,0.0
2023-06-30 20:00:00,26053,0.0
2023-06-30 21:00:00,26053,0.0
2023-06-30 22:00:00,26053,0.0
2023-06-30 23:00:00,26053,7.940078549845204
2023-07-01 00:00:00,26053,23.335958521668797
2023-06-30 01:00:00,26055,122.29375266947105
2023-06-30 02:00:00,26055,157.62671910551376
2023-06-30 03:00:00,26055,203.61897925195873
2023-06-30 04:00:00,26055,216.40186120488818
2023-06-30 05:00:00,26055,235.11870527943054
2023-06-30 06:00:00,26055,238.881432131266
2023-06-30 07:00:00,26055,226.13350031741996
2023-06-30 08:00:00,26055,208.82611865859474
2023-06-30 09:00:00,26055,181.97387153832884
2023-06-30 10:00:00,26055,160.46915744162644
2023-06-30 11:00:00,26055,135.06035241337128
2023-06-30 12:00:00,26055,140.9586635061081
2023-06-30 13:00:00,26055,123.78853493879333
2023-06-30 14:00:00,26055,110.8305114096008
2023-06-30 15:00:00,26055,115.08936040543279
2023-06-30 16:00:00,26055,115.09600537981308
2023-06-30 17:00:00,26055,126.35042191742353
2023-06-30 18:00:00,26055,131.85170589992447
2023-06-30 19:00:00,26055,154.04981565995433
2023-06-30 20:00:00,26055,184.64401903262356
2023-06-30 21:00:00,26055,201.7662309996909
2023-06-30 22:00:00,26055,233.315032791298
2023-06-30 23:00:00,26055,255.53807805356632
2023-07-01 00:00:00,26055,281.8173477683418
2023-06-30 01:00:00,26057,8.363389027305402
2023-06-30 02:00:00,26057,2.620048711318205
2023-06-30 03:00:00,26057,19.166311230601252
2023-06-30 04:00:00,26057,10.464629668366989
2023-06-30 05:00:00,26057,26.692452345414925
2023-06-30 06:00:00,26057,36.988132518580876
2023-06-30 07:00:00,26057,13.972987440070323
2023-06-30 08:00:00,26057,49.2900153726552
2023-06-30 09:00:00,26057,53.70343752506596
2023-06-30 10:00:00,26057,62.52296292301425
2023-06-30 11:00:00,26057,47.64847756367212
2023-06-30 12:00:00,26057,73.99314568756168
2023-06-30 13:00:00,26057,67.16255682005286
2023-06-30 14:00:00,26057,56.36102291769244
2023-06-30 15:00:00,26057,33.1727311030979
2023-06-30 16:00:00,26057,37.18322249663471
2023-06-30 17:00:00,26057,22.85725079328962
2023-06-30 18:00:00,26057,9.304144872838485
2023-06-30 19:00:00,26057,0.0
2023-06-30 20:00:00,26057,0.0
2023-06-30 21:00:00,26057,0.0
2023-06-30 22:00:00,26057,0.0
2023-06-30 23:00:00,26057,0.0
2023-07-01 00:00:00,26057,0.0
2023-06-30 01:00:00,26059,63.55029213658932
2023-06-30 02:00:00,26059,72.86569032351176
2023-06-30 03:00:00,26059,83.87535479766423
2023-06-30 04:00:00,26059,88.42585481913727
2023-06-30 05:00:00,26059,103.8265466689604
2023-06-30 06:00:00,26059,96.30334389981591
2023-06-30 07:00:00,26059,94.92447801927786
2023-06-30 08:00:00,26059,96.91248452287707
2023-06-30 09:00:00,26059,95.9580074117879
2023-06-30 10:00:00,26059,80.84811743266476
2023-06-30 11:00:00,26059,59.31042107975831
2023-06-30 12:00:00,26059,57.24376665423397
2023-06-30 13:00:00,26059,45.85309444520261
2023-06-30 14:00:00,26059,27.55960128407002
2023-06-30 15:00:00,26059,15.685665563007266
2023-06-30 16:00:00,26059,17.22498129146248
2023-06-30 17:00:00,26059,2.4445634294837433
2023-06-30 18:00:00,26059,0.0
2023-06-30 19:00:00,26059,0.0
2023-06-30 20:00:00,26059,3.3046899915624905
2023-06-30 21:00:00,26059,0.0
2023-06-30 22:00:00,26059,0.0
2023-06-30 23:00:00,26059,0.6713661686815442
2023-07-01 00:00:00,26059,0.0
2023-06-30 01:00:00,26061,0.0
2023-06-30 02:00:00,26061,0.0
2023-06-30 03:00:00,26061,0.0
2023-06-30 04:00:00,26061,0.0
2023-06-30 05:00:00,26061,0.0
2023-06-30 06:00:00,26061,0.0
2023-06-30 07:00:00,26061,0.0
2023-06-30 08:00:00,26061,0.0
2023-06-30 09:00:00,26061,0.0
2023-06-30 10:00:00,26061,0.0
2023-06-30 11:00:00,26061,0.0
2023-06-30 12:00:00,26061,0.0
2023-06-30 13:00:00,26061,0.0
2023-06-30 14:00:00,26061,0.0
2023-06-30 15:00:00,26061,0.0
2023-06-30 16:00:00,26061,0.0
2023-06-30 17:00:00,26061,0.0
2023-06-30 18:00:00,26061,0.0
2023-06-30 19:00:00,26061,0.0
2023-06-30 20:00:00,26061,0.0
2023-06-30 21:00:00,26061,0.0
2023-06-30 22:00:00,26061,0.0
2023-06-30 23:00:00,26061,0.0
2023-07-01 00:00:00,26061,0.0
2023-06-30 01:00:00,26063,18.95805261163553
2023-06-30 02:00:00,26063,14.957393893170586
2023-06-30 03:00:00,26063,12.33806764816783
2023-06-30 04:00:00,26063,8.41909628717113
2023-06-30 05:00:00,26063,14.736687741060418
2023-06-30 06:00:00,26063,9.960676428802593
2023-06-30 07:00:00,26063,2.4829236669814136
2023-06-30 08:00:00,26063,9.126118865505674
2023-06-30 09:00:00,26063,6.870803777910062
2023-06-30 10:00:00,26063,0.0
2023-06-30 11:00:00,26063,0.0
2023-06-30 12:00:00,26063,0.0
2023-06-30 13:00:00,26063,0.0
2023-06-30 14:00:00,26063,0.0
2023-06-30 15:00:00,26063,0.0
2023-06-30 16:00:00,26063,0.0
2023-06-30 17:00:00,26063,0.0
2023-06-30 18:00:00,26063,0.0
2023-06-30 19:00:00,26063,0.0
2023-06-30 20:00:00,26063,0.0
2023-06-30 21:00:00,26063,0.0
2023-06-30 22:00:00,26063,0.0
2023-06-30 23:00:00,26063,0.0
2023-07-01 00:00:00,26063,0.0
2023-06-30 01:00:00,26065,98.73289749413405
2023-06-30 02:00:00,26065,100.53859851907035
2023-06-30 03:00:00,26065,106.68598832186976
2023-06-30 04:00:00,26065,108.32459452450858
2023-06-30 05:00:00,26065,120.40899936311388
2023-06-30 06:00:00,26065,116.21362806879114
2023-06-30 07:00:00,26065,111.44613526324397
2023-06-30 08:00:00,26065,110.28822488983846
2023-06-30 09:00:00,26065,112.47099788389491
2023-06-30 10:00:00,26065,93.03714355147275
2023-06-30 11:00:00,26065,77.74771795623263
2023-06-30 12:00:00,26065,76.2473150899193
2023-06-30 13:00:00,26065,66.92364775130861
2023-06-30 14:00:00,26065,50.415105233654934
2023-06-30 15:00:00,26065,45.05461922757725
2023-06-30 16:00:00,26065,47.542966692578744
2023-06-30 17:00:00,26065,42.284541023230624
2023-06-30 18:00:00,26065,39.2068530718103
2023-06-30 19:00:00,26065,42.77753612045995
2023-06-30 20:00:00,26065,43.20009179352807
2023-06-30 21:00:00,26065,36.93419096184663
2023-06-30 22:00:00,26065,35.454801310662894
2023-06-30 23:00:00,26065,34.11459219791939
2023-07-01 00:00:00,26065,31.532837689397574
2023-06-30 01:00:00,26067,63.94833014556458
2023-06-30 02:00:00,26067,106.35757427873926
2023-06-30 03:00:00,26067,151.3278966715526
2023-06-30 04:00:00,26067,176.00529624387895
2023-06-30 05:00:00,26067,210.47748240332479
2023-06-30 06:00:00,26067,230.41506083826374
2023-06-30 07:00:00,26067,232.1104862893816
2023-06-30 08:00:00,26067,245.0268203545614
2023-06-30 09:00:00,26067,241.98940660891867
2023-06-30 10:00:00,26067,231.45226990218518
2023-06-30 11:00:00,26067,219.19486659264436
2023-06-30 12:00:00,26067,222.01206615689674
2023-06-30 13:00:00,26067,214.09486897373458
2023-06-30 14:00:00,26067,193.5295359002797
2023-06-30 15:00:00,26067,186.54715047806297
2023-06-30 16:00:00,26067,179.12205880123946
2023-06-30 17:00:00,26067,174.8695582494909
2023-06-30 18:00:00,26067,165.88545853676874
2023-06-30 19:00:00,26067,163.81151216167086
2023-06-30 20:00:00,26067,170.53547143014805
2023-06-30 21:00:00,26067,162.68902368009384
2023-06-30 22:00:00,26067,167.5087732111429
2023-06-30 23:00:00,26067,166.87001999434236
2023-07-01 00:00:00,26067,159.81656165142107
2023-06-30 01:00:00,26069,0.0
2023-06-30 02:00:00,26069,0.0
2023-06-30 03:00:00,26069,0.0
2023-06-30 04:00:00,26069,0.0
2023-06-30 05:00:00,26069,20.434571310399377
2023-06-30 06:00:00,26069,39.28258960536595
2023-06-30 07:00:00,26069,50.966543756671285
2023-06-30 08:00:00,26069,59.044810805644104
2023-06-30 09:00:00,26069,59.04885440060169
2023-06-30 10:00:00,26069,58.12233200931932
2023-06-30 11:00:00,26069,50.19750591033718
2023-06-30 12:00:00,26069,53.9047815966542
2023-06-30 13:00:00,26069,41.005201493248705
2023-06-30 14:00:00,26069,37.02449791589947
2023-06-30 15:00:00,26069,22.455452241003798
2023-06-30 16:00:00,26069,18.217737768150165
2023-06-30 17:00:00,26069,16.424942550453515
2023-06-30 18:00:00,26069,2.8033381314208157
2023-06-30 19:00:00,26069,0.0
2023-06-30 20:00:00,26069,0.0
2023-06-30 21:00:00,26069,0.0
2023-06-30 22:00:00,26069,0.0
2023-06-30 23:00:00,26069,0.0
2023-07-01 00:00:00,26069,0.0
2023-06-30 01:00:00,26071,0.0
2023-06-30 02:00:00,26071,0.0
2023-06-30 03:00:00,26071,0.0
2023-06-30 04:00:00,26071,0.0
2023-06-30 05:00:00,26071,0.0
2023-06-30 06:00:00,26071,0.0
2023-06-30 07:00:00,26071,0.0
2023-06-30 08:00:00,26071,0.0
2023-06-30 09:00:00,26071,0.0
2023-06-30 10:00:00,26071,0.0
2023-06-30 11:00:00,26071,0.0
2023-06-30 12:00:00,26071,0.0
2023-06-30 13:00:00,26071,0.0
2023-06-30 14:00:00,26071,0.0
2023-06-30 15:00:00,26071,0.0
2023-06-30 16:00:00,26071,0.0
2023-06-30 17:00:00,26071,0.0
2023-06-30 18:00:00,26071,0.0
2023-06-30 19:00:00,26071,0.0
2023-06-30 20:00:00,26071,0.0
2023-06-30 21:00:00,26071,0.0
2023-06-30 22:00:00,26071,0.0
2023-06-30 23:00:00,26071,6.029884291879874
2023-07-01 00:00:00,26071,21.327316205136015
2023-06-30 01:00:00,26073,0.0
2023-06-30 02:00:00,26073,0.0
2023-06-30 03:00:00,26073,1.6599846998626333
2023-06-30 04:00:00,26073,1.5187284493441666
2023-06-30 05:00:00,26073,10.328077466649184
2023-06-30 06:00:00,26073,20.692390924895292
2023-06-30 07:00:00,26073,5.805990439078137
2023-06-30 08:00:00,26073,13.440769471752379
2023-06-30 09:00:00,26073,7.986525977258054
2023-06-30 10:00:00,26073,0.0
2023-06-30 11:00:00,26073,0.0
2023-06-30 12:00:00,26073,0.0
2023-06-30 13:00:00,26073,0.0
2023-06-30 14:00:00,26073,0.0
2023-06-30 15:00:00,26073,0.0
2023-06-30 16:00:00,26073,0.0
2023-06-30 17:00:00,26073,0.0
2023-06-30 18:00:00,26073,0.0
2023-06-30 19:00:00,26073,0.0
2023-06-30 20:00:00,26073,0.0
2023-06-30 21:00:00,26073,0.0
2023-06-30 22:00:00,26073,0.0
2023-06-30 23:00:00,26073,0.0
2023-07-01 00:00:00,26073,0.0
2023-06-30 01:00:00,26075,30.476354156178274
2023-06-30 02:00:00,26075,50.878575348368926
2023-06-30 03:00:00,26075,72.01891436411798
2023-06-30 04:00:00,26075,81.34860665921549
2023-06-30 05:00:00,26075,102.6983162825436
2023-06-30 06:00:00,26075,98.3670465010212
2023-06-30 07:00:00,26075,94.26347155156068
2023-06-30 08:00:00,26075,98.72388027737864
2023-06-30 09:00:00,26075,92.31898760835499
2023-06-30 10:00:00,26075,72.08121268376458
2023-06-30 11:00:00,26075,49.86849206728797
2023-06-30 12:00:00,26075,45.79718500558901
2023-06-30 13:00:00,26075,34.869396590002786
2023-06-30 14:00:00,26075,9.925834118918033
2023-06-30 15:00:00,26075,6.524658570890537
2023-06-30 16:00:00,26075,6.165344722959119
2023-06-30 17:00:00,26075,0.0
2023-06-30 18:00:00,26075,0.0
2023-06-30 19:00:00,26075,0.0
2023-06-30 20:00:00,26075,3.796714626001993
2023-06-30 21:00:00,26075,4.821011143358881
2023-06-30 22:00:00,26075,12.921868409494763
2023-06-30 23:00:00,26075,14.958654146932368
2023-07-01 00:00:00,26075,16.113262251122507
2023-06-30 01:00:00,26077,121.5515103790559
2023-06-30 02:00:00,26077,123.25314274843369
2023-06-30 03:00:00,26077,148.40889286491796
2023-06-30 04:00:00,26077,137.03151060464722
2023-06-30 05:00:00,26077,142.3469913988469
2023-06-30 06:00:00,26077,139.27876545962735
2023-06-30 07:00:00,26077,109.23915461404141
2023-06-30 08:00:00,26077,119.79072695477349
2023-06-30 09:00:00,26077,105.39432930591704
2023-06-30 10:00:00,26077,96.47642324265061
2023-06-30 11:00:00,26077,77.42292293058918
2023-06-30 12:00:00,26077,97.78032087267496
2023-06-30 13:00:00,26077,88.35854244174327
2023-06-30 14:00:00,26077,84.84890419830336
2023-06-30 15:00:00,26077,74.74587436756684
2023-06-30 16:00:00,26077,84.6876725886944
2023-06-30 17:00:00,26077,87.36178280604757
2023-06-30 18:00:00,26077,85.50574576321422
2023-06-30 19:00:00,26077,86.5102017079792
2023-06-30 20:00:00,26077,104.76900082437567
2023-06-30 21:00:00,26077,102.87573575063277
2023-06-30 22:00:00,26077,108.46932152736565
2023-06-30 23:00:00,26077,123.42563576999953
2023-07-01 00:00:00,26077,115.15303354736496
2023-06-30 01:00:00,26079,35.28138500158173
2023-06-30 02:00:00,26079,59.717402172914774
2023-06-30 03:00:00,26079,88.88722900379825
2023-06-30 04:00:00,26079,92.10614624843733
2023-06-30 05:00:00,26079,104.70860299435914
2023-06-30 06:00:00,26079,111.9720047874785
2023-06-30 07:00:00,26079,117.36430714654749
2023-06-30 08:00:00,26079,112.99026286969871
2023-06-30 09:00:00,26079,111.06056500538794
2023-06-30 10:00:00,26079,102.66878456070334
2023-06-30 11:00:00,26079,94.99745142961248
2023-06-30 12:00:00,26079,96.9268123276768
2023-06-30 13:00:00,26079,86.92630110776503
2023-06-30 14:00:00,26079,82.49563976218508
2023-06-30 15:00:00,26079,72.14107136778676
2023-06-30 16:00:00,26079,71.80343118882803
2023-06-30 17:00:00,26079,74.7704863822087
2023-06-30 18:00:00,26079,66.1380850802478
2023-06-30 19:00:00,26079,62.36163696285628
2023-06-30 20:00:00,26079,62.962029942159184
2023-06-30 21:00:00,26079,60.727404582096575
2023-06-30 22:00:00,26079,61.73496061632904
2023-06-30 23:00:00,26079,64.95633097524238
2023-07-01 00:00:00,26079,67.3658552958706
2023-06-30 01:00:00,26081,301.3537611475383
2023-06-30 02:00:00,26081,284.1083408421132
2023-06-30 03:00:00,26081,278.35158253019176
2023-06-30 04:00:00,26081,255.29344055863214
2023-06-30 05:00:00,26081,239.65336788731972
2023-06-30 06:00:00,26081,200.882948117155
2023-06-30 07:00:00,26081,158.35957351630236
2023-06-30 08:00:00,26081,130.54539559157544
2023-06-30 09:00:00,26081,92.55044298372741
2023-06-30 10:00:00,26081,61.912123990070896
2023-06-30 11:00:00,26081,28.043430899395474
2023-06-30 12:00:00,26081,14.132952056592568
2023-06-30 13:00:00,26081,0.0
2023-06-30 14:00:00,26081,0.0
2023-06-30 15:00:00,26081,0.0
2023-06-30 16:00:00,26081,0.0
2023-06-30 17:00:00,26081,0.0
2023-06-30 18:00:00,26081,0.0
2023-06-30 19:00:00,26081,0.0
2023-06-30 20:00:00,26081,0.0
2023-06-30 21:00:00,26081,0.0
2023-06-30 22:00:00,26081,0.0
2023-06-30 23:00:00,26081,0.0
2023-07-01 00:00:00,26081,0.0
2023-06-30 01:00:00,26083,0.0
2023-06-30 02:00:00,26083,0.0
2023-06-30 03:00:00,26083,0.0
2023-06-30 04:00:00,26083,0.0
2023-06-30 05:00:00,26083,0.0
2023-06-30 06:00:00,26083,0.0
2023-06-30 07:00:00,26083,0.0
2023-06-30 08:00:00,26083,0.0
2023-06-30 09:00:00,26083,0.0
2023-06-30 10:00:00,26083,0.0
2023-06-30 11:00:00,26083,0.0
2023-06-30 12:00:00,26083,0.0
2023-06-30 13:00:00,26083,0.0
2023-06-30 14:00:00,26083,0.0
2023-06-30 15:00:00,26083,0.0
2023-06-30 16:00:00,26083,0.0
2023-06-30 17:00:00,26083,0.0
2023-06-30 18:00:00,26083,0.0
2023-06-30 19:00:00,26083,0.0
2023-06-30 20:00:00,26083,0.0
2023-06-30 21:00:00,26083,0.0
2023-06-30 22:00:00,26083,0.0
2023-06-30 23:00:00,26083,0.0
2023-07-01 00:00:00,26083,0.0
2023-06-30 01:00:00,26085,0.0
2023-06-30 02:00:00,26085,12.617769850709237
2023-06-30 03:00:00,26085,37.90005753206634
2023-06-30 04:00:00,26085,40.3785790613209
2023-06-30 05:00:00,26085,54.5699529671777
2023-06-30 06:00:00,26085,63.47490604792999
2023-06-30 07:00:00,26085,68.02483996610897
2023-06-30 08:00:00,26085,66.80455040115773
2023-06-30 09:00:00,26085,68.14856049316137
2023-06-30 10:00:00,26085,63.96579847578137
2023-06-30 11:00:00,26085,57.8195206615953
2023-06-30 12:00:00,26085,60.865479871248404
2023-06-30 13:00:00,26085,51.48749357370742
2023-06-30 14:00:00,26085,48.8996467154495
2023-06-30 15:00:00,26085,35.396250055677
2023-06-30 16:00:00,26085,34.61853195883393
2023-06-30 17:00:00,26085,37.481585889905396
2023-06-30 18:00:00,26085,29.84568812929288
2023-06-30 19:00:00,26085,25.905285715020955
2023-06-30 20:00:00,26085,21.768741988006212
2023-06-30 21:00:00,26085,20.38273242304308
2023-06-30 22:00:00,26085,26.320293344168235
2023-06-30 23:00:00,26085,33.95821290225955
2023-07-01 00:00:00,26085,38.45067385744132
2023-06-30 01:00:00,26087,0.0
2023-06-30 02:00:00,26087,0.0
2023-06-30 03:00:00,26087,0.0
2023-06-30 04:00:00,26087,9.566439399087464
2023-06-30 05:00:00,26087,21.365002510140748
2023-06-30 06:00:00,26087,24.545033849937667
2023-06-30 07:00:00,26087,13.745036513661141
2023-06-30 08:00:00,26087,20.005748065147
2023-06-30 09:00:00,26087,14.145204149314065
2023-06-30 10:00:00,26087,0.14172262248659706
2023-06-30 11:00:00,26087,0.0
2023-06-30 12:00:00,26087,0.0
2023-06-30 13:00:00,26087,0.0
2023-06-30 14:00:00,26087,0.0
2023-06-30 15:00:00,26087,0.0
2023-06-30 16:00:00,26087,0.0
2023-06-30 17:00:00,26087,0.0
2023-06-30 18:00:00,26087,0.0
2023-06-30 19:00:00,26087,0.0
2023-06-30 20:00:00,26087,0.0
2023-06-30 21:00:00,26087,0.0
2023-06-30 22:00:00,26087,0.0
2023-06-30 23:00:00,26087,0.0
2023-07-01 00:00:00,26087,0.0
2023-06-30 01:00:00,26089,21.925363899363518
2023-06-30 02:00:00,26089,29.73624823176572
2023-06-30 03:00:00,26089,45.76924376443206
2023-06-30 04:00:00,26089,44.08631302173312
2023-06-30 05:00:00,26089,53.84325156004955
2023-06-30 06:00:00,26089,67.42447394410578
2023-06-30 07:00:00,26089,69.02800196048753
2023-06-30 08:00:00,26089,62.29778859847594
2023-06-30 09:00:00,26089,61.452016798496636
2023-06-30 10:00:00,26089,52.95522419276344
2023-06-30 11:00:00,26089,48.3575084608356
2023-06-30 12:00:00,26089,48.30575044537845
2023-06-30 13:00:00,26089,43.7830433999139
2023-06-30 14:00:00,26089,39.32223031460019
2023-06-30 15:00:00,26089,35.397894450959754
2023-06-30 16:00:00,26089,35.417168920257595
2023-06-30 17:00:00,26089,36.89388979876932
2023-06-30 18:00:00,26089,28.49682572334014
2023-06-30 19:00:00,26089,28.705636966950067
2023-06-30 20:00:00,26089,22.254782101908486
2023-06-30 21:00:00,26089,23.406586646928027
2023-06-30 22:00:00,26089,31.577155490132757
2023-06-30 23:00:00,26089,36.81997288294458
2023-07-01 00:00:00,26089,35.478820264710976
2023-06-30 01:00:00,26091,0.0
2023-06-30 02:00:00,26091,0.0
2023-06-30 03:00:00,26091,0.0
2023-06-30 04:00:00,26091,9.486066209980443
2023-06-30 05:00:00,26091,40.82361712235321
2023-06-30 06:00:00,26091,47.0010710536623
2023-06-30 07:00:00,26091,46.75908885275028
2023-06-30 08:00:00,26091,53.20522619034134
2023-06-30 09:00:00,26091,45.55760200435182
2023-06-30 10:00:00,26091,47.87280273326933
2023-06-30 11:00:00,26091,40.809491497301366
2023-06-30 12:00:00,26091,44.35567036050802
2023-06-30 13:00:00,26091,39.12395937517971
2023-06-30 14:00:00,26091,31.404709643841418
2023-06-30 15:00:00,26091,28.742999784358194
2023-06-30 16:00:00,26091,34.65349557656722
2023-06-30 17:00:00,26091,33.39272962609049
2023-06-30 18:00:00,26091,34.93544197431008
2023-06-30 19:00:00,26091,38.907060941654606
2023-06-30 20:00:00,26091,51.891556539169486
2023-06-30 21:00:00,26091,57.588469645718625
2023-06-30 22:00:00,26091,67.90713091689355
2023-06-30 23:00:00,26091,82.4747478549042
2023-07-01 00:00:00,26091,85.64595067904372
2023-06-30 01:00:00,26093,87.5301109248071
2023-06-30 02:00:00,26093,103.52474621997578
2023-06-30 03:00:00,26093,120.71249138265577
2023-06-30 04:00:00,26093,129.87930093353663
2023-06-30 05:00:00,26093,144.1432371509074
2023-06-30 06:00:00,26093,147.54538990104965
2023-06-30 07:00:00,26093,140.68465603313197
2023-06-30 08:00:00,26093,137.35482971813116
2023-06-30 09:00:00,26093,139.05740559299903
2023-06-30 10:00:00,26093,129.1602082242537
2023-06-30 11:00:00,26093,113.66623063875898
2023-06-30 12:00:00,26093,114.37887381408457
2023-06-30 13:00:00,26093,105.35071239497452
2023-06-30 14:00:00,26093,91.63607833461754
2023-06-30 15:00:00,26093,81.98172580037516
2023-06-30 16:00:00,26093,77.89691313151783
2023-06-30 17:00:00,26093,69.90329200365724
2023-06-30 18:00:00,26093,63.84512412359704
2023-06-30 19:00:00,26093,62.097994571621435
2023-06-30 20:00:00,26093,58.65290558235452
2023-06-30 21:00:00,26093,51.18840233334437
2023-06-30 22:00:00,26093,50.21607948984237
2023-06-30 23:00:00,26093,51.21220562899472
2023-07-01 00:00:00,26093,50.15184024461613
2023-06-30 01:00:00,26095,28.99501010076504
2023-06-30 02:00:00,26095,38.93690941176654
2023-06-30 03:00:00,26095,61.075450278746175
2023-06-30 04:00:00,26095,58.12404379785137
2023-06-30 05:00:00,26095,64.89478745998787
2023-06-30 06:00:00,26095,69.41165825006362
2023-06-30 07:00:00,26095,73.27610847238216
2023-06-30 08:00:00,26095,63.3358737746382
2023-06-30 09:00:00,26095,65.39907766579873
2023-06-30 10:00:00,26095,59.7423983290776
2023-06-30 11:00:00,26095,49.45582972321609
2023-06-30 12:00:00,26095,59.22019499760462
2023-06-30 13:00:00,26095,50.12048890504495
2023-06-30 14:00:00,26095,46.15199698446764
2023-06-30 15:00:00,26095,41.754695297287796
2023-06-30 16:00:00,26095,37.62645441858597
2023-06-30 17:00:00,26095,43.545333931007065
2023-06-30 18:00:00,26095,40.537357556655586
2023-06-30 19:00:00,26095,37.33361727175733
2023-06-30 20:00:00,26095,41.13583656767857
2023-06-30 21:00:00,26095,35.41299053880142
2023-06-30 22:00:00,26095,35.854227620573596
2023-06-30 23:00:00,26095,37.22735159627188
2023-07-01 00:00:00,26095,41.50779338917737
2023-06-30 01:00:00,26097,0.0
2023-06-30 02:00:00,26097,0.0
2023-06-30 03:00:00,26097,5.9231468636493645
2023-06-30 04:00:00,26097,9.438432661380034
2023-06-30 05:00:00,26097,22.70628991487294
2023-06-30 06:00:00,26097,37.03856962635188
2023-06-30 07:00:00,26097,39.70296173715697
2023-06-30 08:00:00,26097,36.303956251756716
2023-06-30 09:00:00,26097,39.63949077497267
2023-06-30 10:00:00,26097,36.74682425016179
2023-06-30 11:00:00,26097,29.33037238789766
2023-06-30 12:00:00,26097,42.15331288820698
2023-06-30 13:00:00,26097,35.262487934479935
2023-06-30 14:00:00,26097,33.906859246298154
2023-06-30 15:00:00,26097,29.676207585970445
2023-06-30 16:00:00,26097,27.987764075479323
2023-06-30 17:00:00,26097,28.07863713282622
2023-06-30 18:00:00,26097,20.39966160726552
2023-06-30 19:00:00,26097,23.51800116665948
2023-06-30 20:00:00,26097,18.71084069457836
2023-06-30 21:00:00,26097,10.441662049007881
2023-06-30 22:00:00,26097,20.000477913052276
2023-06-30 23:00:00,26097,24.763913644991995
2023-07-01 00:00:00,26097,16.38232305960052
2023-06-30 01:00:00,26099,82.23804928473676
2023-06-30 02:00:00,26099,78.49910551057687
2023-06-30 03:00:00,26099,76.11922748031272
2023-06-30 04:00:00,26099,76.04256091991682
2023-06-30 05:00:00,26099,87.26805227493065
2023-06-30 06:00:00,26099,86.80419801869567
2023-06-30 07:00:00,26099,80.6656165135789
2023-06-30 08:00:00,26099,84.369738195829
2023-06-30 09:00:00,26099,82.92760353285452
2023-06-30 10:00:00,26099,70.53114099272217
2023-06-30 11:00:00,26099,65.76207118514155
2023-06-30 12:00:00,26099,63.85606878728225
2023-06-30 13:00:00,26099,57.510347391138
2023-06-30 14:00:00,26099,49.40878923520946
2023-06-30 15:00:00,26099,41.497738316382836
2023-06-30 16:00:00,26099,48.41204307816362
2023-06-30 17:00:00,26099,49.312902120115155
2023-06-30 18:00:00,26099,48.04097584755548
2023-06-30 19:00:00,26099,48.93269636490286
2023-06-30 20:00:00,26099,48.216440911415155
2023-06-30 21:00:00,26099,50.302154147839595
2023-06-30 22:00:00,26099,52.72599279461768
2023-06-30 23:00:00,26099,57.25266256314067
2023-07-01 00:00:00,26099,56.855905025901976
2023-06-30 01:00:00,26101,173.7061351082932
2023-06-30 02:00:00,26101,197.0435681835735
2023-06-30 03:00:00,26101,227.69081004343644
2023-06-30 04:00:00,26101,244.03779746388454
2023-06-30 05:00:00,26101,264.34586354748774
2023-06-30 06:00:00,26101,262.9009792399421
2023-06-30 07:00:00,26101,263.9217173937363
2023-06-30 08:00:00,26101,244.61278318820393
2023-06-30 09:00:00,26101,215.60784742036603
2023-06-30 10:00:00,26101,202.3981235837134
2023-06-30 11:00:00,26101,186.49245411693664
2023-06-30 12:00:00,26101,187.8361946359431
2023-06-30 13:00:00,26101,163.57953111895395
2023-06-30 14:00:00,26101,167.84387940392824
2023-06-30 15:00:00,26101,166.05314641965998
2023-06-30 16:00:00,26101,170.98038818333163
2023-06-30 17:00:00,26101,187.7438928417112
2023-06-30 18:00:00,26101,193.6335775985385
2023-06-30 19:00:00,26101,209.56110943538596
2023-06-30 20:00:00,26101,234.21688925333905
2023-06-30 21:00:00,26101,263.17367928388194
2023-06-30 22:00:00,26101,296.27368497311954
2023-06-30 23:00:00,26101,321.9560931148551
2023-07-01 00:00:00,26101,344.2896498273144
2023-06-30 01:00:00,26103,0.0
2023-06-30 02:00:00,26103,0.0
2023-06-30 03:00:00,26103,0.0
2023-06-30 04:00:00,26103,0.0
2023-06-30 05:00:00,26103,0.0
2023-06-30 06:00:00,26103,0.0
2023-06-30 07:00:00,26103,0.0
2023-06-30 08:00:00,26103,0.0
2023-06-30 09:00:00,26103,0.0
2023-06-30 10:00:00,26103,0.0
2023-06-30 11:00:00,26103,0.0
2023-06-30 12:00:00,26103,0.0
2023-06-30 13:00:00,26103,0.0
2023-06-30 14:00:00,26103,0.0
2023-06-30 15:00:00,26103,0.0
2023-06-30 16:00:00,26103,0.0
2023-06-30 17:00:00,26103,0.0
2023-06-30 18:00:00,26103,3.642249298622069
2023-06-30 19:00:00,26103,12.151940972269983
2023-06-30 20:00:00,26103,39.99829243420945
2023-06-30 21:00:00,26103,61.25584852845411
2023-06-30 22:00:00,26103,85.90088586246988
2023-06-30 23:00:00,26103,114.1247203923502
2023-07-01 00:00:00,26103,135.34108573262688
2023-06-30 01:00:00,26105,1.8920735717784183
2023-06-30 02:00:00,26105,26.87340995909199
2023-06-30 03:00:00,26105,55.763703070557305
2023-06-30 04:00:00,26105,64.07284591295863
2023-06-30 05:00:00,26105,75.20180317768492
2023-06-30 06:00:00,26105,75.59865506547263
2023-06-30 07:00:00,26105,73.38254937031579
2023-06-30 08:00:00,26105,71.39306021523211
2023-06-30 09:00:00,26105,70.11781819480723
2023-06-30 10:00:00,26105,65.85834918108176
2023-06-30 11:00:00,26105,51.42249952408909
2023-06-30 12:00:00,26105,59.35180053482431
2023-06-30 13:00:00,26105,47.94888971172131
2023-06-30 14:00:00,26105,46.57908148388825
2023-06-30 15:00:00,26105,35.829130374536824
2023-06-30 16:00:00,26105,37.733636642261814
2023-06-30 17:00:00,26105,41.72595881578919
2023-06-30 18:00:00,26105,43.6020790469119
2023-06-30 19:00:00,26105,45.99715425489167
2023-06-30 20:00:00,26105,46.72292563517957
2023-06-30 21:00:00,26105,45.22218580261976
2023-06-30 22:00:00,26105,48.75097720750878
2023-06-30 23:00:00,26105,56.21194905025597
2023-07-01 00:00:00,26105,61.1203072254757
2023-06-30 01:00:00,26107,238.2150207249555
2023-06-30 02:00:00,26107,198.98174411864537
2023-06-30 03:00:00,26107,197.21697101400483
2023-06-30 04:00:00,26107,167.19048837338119
2023-06-30 05:00:00,26107,165.301064714848
2023-06-30 06:00:00,26107,164.5311103203235
2023-06-30 07:00:00,26107,137.89845736355443
2023-06-30 08:00:00,26107,138.23427792478225
2023-06-30 09:00:00,26107,129.47575689609414
2023-06-30 10:00:00,26107,122.21561693624055
2023-06-30 11:00:00,26107,115.57682925622007
2023-06-30 12:00:00,26107,125.52120189947063
2023-06-30 13:00:00,26107,108.60362279455705
2023-06-30 14:00:00,26107,100.77282375698871
2023-06-30 15:00:00,26107,80.63245903492665
2023-06-30 16:00:00,26107,82.11432875768438
2023-06-30 17:00:00,26107,79.39325892422374
2023-06-30 18:00:00,26107,68.10338005883523
2023-06-30 19:00:00,26107,60.64542743365638
2023-06-30 20:00:00,26107,63.08110033501034
2023-06-30 21:00:00,26107,72.25954870004414
2023-06-30 22:00:00,26107,84.79768532884057
2023-06-30 23:00:00,26107,108.19424924105068
2023-07-01 00:00:00,26107,108.03042973066887
2023-06-30 01:00:00,26109,0.0
2023-06-30 02:00:00,26109,0.0
2023-06-30 03:00:00,26109,0.0
2023-06-30 04:00:00,26109,0.0
2023-06-30 05:00:00,26109,0.0
2023-06-30 06:00:00,26109,0.0
2023-06-30 07:00:00,26109,0.0
2023-06-30 08:00:00,26109,0.0
2023-06-30 09:00:00,26109,0.0
2023-06-30 10:00:00,26109,0.0
2023-06-30 11:00:00,26109,0.0
2023-06-30 12:00:00,26109,0.0
2023-06-30 13:00:00,26109,0.0
2023-06-30 14:00:00,26109,0.0
2023-06-30 15:00:00,26109,0.0
2023-06-30 16:00:00,26109,0.0
2023-06-30 17:00:00,26109,0.0
2023-06-30 18:00:00,26109,0.0
2023-06-30 19:00:00,26109,0.0
2023-06-30 20:00:00,26109,0.0
2023-06-30 21:00:00,26109,0.0
2023-06-30 22:00:00,26109,0.0
2023-06-30 23:00:00,26109,19.53929242948932
2023-07-01 00:00:00,26109,53.87299894028755
2023-06-30 01:00:00,26111,0.0
2023-06-30 02:00:00,26111,0.0
2023-06-30 03:00:00,26111,0.0
2023-06-30 04:00:00,26111,0.0
2023-06-30 05:00:00,26111,0.0
2023-06-30 06:00:00,26111,0.0
2023-06-30 07:00:00,26111,0.0
2023-06-30 08:00:00,26111,0.0
2023-06-30 09:00:00,26111,0.0
2023-06-30 10:00:00,26111,0.0
2023-06-30 11:00:00,26111,0.0
2023-06-30 12:00:00,26111,0.0
2023-06-30 13:00:00,26111,0.0
2023-06-30 14:00:00,26111,0.0
2023-06-30 15:00:00,26111,0.0
2023-06-30 16:00:00,26111,0.0
2023-06-30 17:00:00,26111,0.0
2023-06-30 18:00:00,26111,0.0
2023-06-30 19:00:00,26111,0.0
2023-06-30 20:00:00,26111,0.0
2023-06-30 21:00:00,26111,0.0
2023-06-30 22:00:00,26111,0.0
2023-06-30 23:00:00,26111,0.0
2023-07-01 00:00:00,26111,0.0
2023-06-30 01:00:00,26113,0.0
2023-06-30 02:00:00,26113,0.0
2023-06-30 03:00:00,26113,4.920052262520109
2023-06-30 04:00:00,26113,39.842142275597205
2023-06-30 05:00:00,26113,73.61806181929566
2023-06-30 06:00:00,26113,102.9647487542992
2023-06-30 07:00:00,26113,113.45833594333943
2023-06-30 08:00:00,26113,126.13587550829875
2023-06-30 09:00:00,26113,114.57568905932031
2023-06-30 10:00:00,26113,105.30284970932651
2023-06-30 11:00:00,26113,87.09080802928963
2023-06-30 12:00:00,26113,74.78558247005037
2023-06-30 13:00:00,26113,44.89398067856207
2023-06-30 14:00:00,26113,26.314308823631002
2023-06-30 15:00:00,26113,0.0
2023-06-30 16:00:00,26113,0.0
2023-06-30 17:00:00,26113,0.0
2023-06-30 18:00:00,26113,0.0
2023-06-30 19:00:00,26113,0.0
2023-06-30 20:00:00,26113,0.0
2023-06-30 21:00:00,26113,0.0
2023-06-30 22:00:00,26113,0.0
2023-06-30 23:00:00,26113,0.0
2023-07-01 00:00:00,26113,0.0
2023-06-30 01:00:00,26115,0.0
2023-06-30 02:00:00,26115,8.33255661575378
2023-06-30 03:00:00,26115,37.205502704851035
2023-06-30 04:00:00,26115,53.89794792117588
2023-06-30 05:00:00,26115,73.4744602837018
2023-06-30 06:00:00,26115,83.92821806240978
2023-06-30 07:00:00,26115,81.65598726924159
2023-06-30 08:00:00,26115,89.43924710875854
2023-06-30 09:00:00,26115,85.01690209014136
2023-06-30 10:00:00,26115,67.1584323531961
2023-06-30 11:00:00,26115,52.80007145424072
2023-06-30 12:00:00,26115,41.36373357948832
2023-06-30 13:00:00,26115,29.594122608331375
2023-06-30 14:00:00,26115,6.693438224420326
2023-06-30 15:00:00,26115,0.0
2023-06-30 16:00:00,26115,0.0
2023-06-30 17:00:00,26115,0.0
2023-06-30 18:00:00,26115,0.0
2023-06-30 19:00:00,26115,0.0
2023-06-30 20:00:00,26115,0.0
2023-06-30 21:00:00,26115,0.0
2023-06-30 22:00:00,26115,0.0
2023-06-30 23:00:00,26115,0.0
2023-07-01 00:00:00,26115,0.0
2023-06-30 01:00:00,26117,739.3531903517745
2023-06-30 02:00:00,26117,565.3859279789931
2023-06-30 03:00:00,26117,461.5600498617488
2023-06-30 04:00:00,26117,371.75482507125173
2023-06-30 05:00:00,26117,312.3305848913102
2023-06-30 06:00:00,26117,267.1313478486228
2023-06-30 07:00:00,26117,198.67843406087658
2023-06-30 08:00:00,26117,184.0734947414074
2023-06-30 09:00:00,26117,131.88583384136655
2023-06-30 10:00:00,26117,105.6625274808041
2023-06-30 11:00:00,26117,75.88875604637997
2023-06-30 12:00:00,26117,68.94444781001387
2023-06-30 13:00:00,26117,19.461520619805015
2023-06-30 14:00:00,26117,1.859563068319396
2023-06-30 15:00:00,26117,0.0
2023-06-30 16:00:00,26117,0.0
2023-06-30 17:00:00,26117,0.0
2023-06-30 18:00:00,26117,0.0
2023-06-30 19:00:00,26117,0.0
2023-06-30 20:00:00,26117,0.0
2023-06-30 21:00:00,26117,0.0
2023-06-30 22:00:00,26117,0.0
2023-06-30 23:00:00,26117,0.0
2023-07-01 00:00:00,26117,0.0
2023-06-30 01:00:00,26119,0.0
2023-06-30 02:00:00,26119,0.0
2023-06-30 03:00:00,26119,0.0
2023-06-30 04:00:00,26119,0.0
2023-06-30 05:00:00,26119,10.523369624450908
2023-06-30 06:00:00,26119,16.047297738714363
2023-06-30 07:00:00,26119,19.11313795690895
2023-06-30 08:00:00,26119,18.377095845428773
2023-06-30 09:00:00,26119,22.028852972978093
2023-06-30 10:00:00,26119,15.573806247830479
2023-06-30 11:00:00,26119,11.138696947797179
2023-06-30 12:00:00,26119,20.07620096795807
2023-06-30 13:00:00,26119,16.774012624492368
2023-06-30 14:00:00,26119,13.282880567308364
2023-06-30 15:00:00,26119,11.044831630181662
2023-06-30 16:00:00,26119,13.746815695442478
2023-06-30 17:00:00,26119,18.60638115817396
2023-06-30 18:00:00,26119,13.77991925949528
2023-06-30 19:00:00,26119,12.370564672976997
2023-06-30 20:00:00,26119,12.139271041402871
2023-06-30 21:00:00,26119,6.926025806380878
2023-06-30 22:00:00,26119,13.15030456729886
2023-06-30 23:00:00,26119,14.497819108265741
2023-07-01 00:00:00,26119,16.874859882734654
2023-06-30 01:00:00,26121,0.0
2023-06-30 02:00:00,26121,0.0
2023-06-30 03:00:00,26121,6.959088934484107
2023-06-30 04:00:00,26121,7.576788500205495
2023-06-30 05:00:00,26121,17.363177888463035
2023-06-30 06:00:00,26121,21.702319201502874
2023-06-30 07:00:00,26121,23.05707177744384
2023-06-30 08:00:00,26121,20.19524440350951
2023-06-30 09:00:00,26121,23.914650874699305
2023-06-30 10:00:00,26121,19.96760348604707
2023-06-30 11:00:00,26121,14.635678739019827
2023-06-30 12:00:00,26121,26.015055839469653
2023-06-30 13:00:00,26121,22.218821064085656
2023-06-30 14:00:00,26121,21.42163979684672
2023-06-30 15:00:00,26121,16.605960818054943
2023-06-30 16:00:00,26121,21.1274278277325
2023-06-30 17:00:00,26121,26.217154715449983
2023-06-30 18:00:00,26121,24.343244982904086
2023-06-30 19:00:00,26121,24.18832138142897
2023-06-30 20:00:00,26121,24.78768998334262
2023-06-30 21:00:00,26121,18.187680378965414
2023-06-30 22:00:00,26121,23.863297218737916
2023-06-30 23:00:00,26121,27.731858429263337
2023-07-01 00:00:00,26121,28.12152619667639
2023-06-30 01:00:00,26123,1003.3708271986818
2023-06-30 02:00:00,26123,794.5387725533724
2023-06-30 03:00:00,26123,662.4097784877791
2023-06-30 04:00:00,26123,541.3039477641719
2023-06-30 05:00:00,26123,464.64903292175063
2023-06-30 06:00:00,26123,402.8842521511573
2023-06-30 07:00:00,26123,340.1514617050168
2023-06-30 08:00:00,26123,299.8423731815901
2023-06-30 09:00:00,26123,247.64223105178021
2023-06-30 10:00:00,26123,226.34750084122547
2023-06-30 11:00:00,26123,207.58078576220615
2023-06-30 12:00:00,26123,203.94924660944477
2023-06-30 13:00:00,26123,167.24002241161168
2023-06-30 14:00:00,26123,159.22792205479487
2023-06-30 15:00:00,26123,134.57605104530077
2023-06-30 16:00:00,26123,119.60387243178329
2023-06-30 17:00:00,26123,106.96941737109708
2023-06-30 18:00:00,26123,78.0611100440957
2023-06-30 19:00:00,26123,66.41601484033279
2023-06-30 20:00:00,26123,69.99855910085805
2023-06-30 21:00:00,26123,87.877745522636
2023-06-30 22:00:00,26123,113.26397381237796
2023-06-30 23:00:00,26123,141.88001009584474
2023-07-01 00:00:00,26123,144.24268262956437
2023-06-30 01:00:00,26125,121.15738117853964
2023-06-30 02:00:00,26125,179.20805258733753
2023-06-30 03:00:00,26125,252.81640168086204
2023-06-30 04:00:00,26125,306.0612335252649
2023-06-30 05:00:00,26125,373.987859950631
2023-06-30 06:00:00,26125,430.9549961759433
2023-06-30 07:00:00,26125,463.31087256378555
2023-06-30 08:00:00,26125,493.19923947930783
2023-06-30 09:00:00,26125,495.33080708255136
2023-06-30 10:00:00,26125,499.00648881359973
2023-06-30 11:00:00,26125,483.12413741107844
2023-06-30 12:00:00,26125,476.15551369036734
2023-06-30 13:00:00,26125,439.8877017967545
2023-06-30 14:00:00,26125,408.5849662369666
2023-06-30 15:00:00,26125,368.61715712796047
2023-06-30 16:00:00,26125,320.45370888701257
2023-06-30 17:00:00,26125,279.86938633347256
2023-06-30 18:00:00,26125,230.03988261944872
2023-06-30 19:00:00,26125,202.11803723965104
2023-06-30 20:00:00,26125,184.7060747365727
2023-06-30 21:00:00,26125,151.61615107742932
2023-06-30 22:00:00,26125,143.85697758520973
2023-06-30 23:00:00,26125,130.38792452527704
2023-07-01 00:00:00,26125,111.83337687368247
2023-06-30 01:00:00,26127,0.0
2023-06-30 02:00:00,26127,0.0
2023-06-30 03:00:00,26127,0.0
2023-06-30 04:00:00,26127,0.0
2023-06-30 05:00:00,26127,0.0
2023-06-30 06:00:00,26127,0.0
2023-06-30 07:00:00,26127,0.0
2023-06-30 08:00:00,26127,0.0
2023-06-30 09:00:00,26127,0.0
2023-06-30 10:00:00,26127,0.0
2023-06-30 11:00:00,26127,0.0
2023-06-30 12:00:00,26127,0.0
2023-06-30 13:00:00,26127,0.0
2023-06-30 14:00:00,26127,0.0
2023-06-30 15:00:00,26127,0.0
2023-06-30 16:00:00,26127,0.0
2023-06-30 17:00:00,26127,0.0
2023-06-30 18:00:00,26127,0.0
2023-06-30 19:00:00,26127,0.0
2023-06-30 20:00:00,26127,0.0
2023-06-30 21:00:00,26127,0.0
2023-06-30 22:00:00,26127,0.0
2023-06-30 23:00:00,26127,0.0
2023-07-01 00:00:00,26127,0.0
2023-06-30 01:00:00,26129,42.556041467333046
2023-06-30 02:00:00,26129,51.43699581201205
2023-06-30 03:00:00,26129,79.59050548625495
2023-06-30 04:00:00,26129,92.09586203859519
2023-06-30 05:00:00,26129,114.83402086251085
2023-06-30 06:00:00,26129,131.42362398041433
2023-06-30 07:00:00,26129,135.04717029380953
2023-06-30 08:00:00,26129,159.76913028256854
2023-06-30 09:00:00,26129,156.18754300618326
2023-06-30 10:00:00,26129,150.99227155074774
2023-06-30 11:00:00,26129,144.09523967876078
2023-06-30 12:00:00,26129,149.31087063480777
2023-06-30 13:00:00,26129,122.86563830432294
2023-06-30 14:00:00,26129,112.5063523824741
2023-06-30 15:00:00,26129,99.38347148686066
2023-06-30 16:00:00,26129,88.63945098344702
2023-06-30 17:00:00,26129,85.02420751836473
2023-06-30 18:00:00,26129,65.066586331086
2023-06-30 19:00:00,26129,47.320380268813295
2023-06-30 20:00:00,26129,36.53379418914611
2023-06-30 21:00:00,26129,20.611761641440957
2023-06-30 22:00:00,26129,17.43700045373876
2023-06-30 23:00:00,26129,24.470375608370706
2023-07-01 00:00:00,26129,15.967854576447586
2023-06-30 01:00:00,26131,0.0
2023-06-30 02:00:00,26131,0.0
2023-06-30 03:00:00,26131,0.0
2023-06-30 04:00:00,26131,0.0
2023-06-30 05:00:00,26131,0.0
2023-06-30 06:00:00,26131,0.0
2023-06-30 07:00:00,26131,0.0
2023-06-30 08:00:00,26131,0.0
2023-06-30 09:00:00,26131,0.0
2023-06-30 10:00:00,26131,0.0
2023-06-30 11:00:00,26131,0.0
2023-06-30 12:00:00,26131,0.0
2023-06-30 13:00:00,26131,0.0
2023-06-30 14:00:00,26131,0.0
2023-06-30 15:00:00,26131,0.0
2023-06-30 16:00:00,26131,0.0
2023-06-30 17:00:00,26131,0.0
2023-06-30 18:00:00,26131,0.0
2023-06-30 19:00:00,26131,0.0
2023-06-30 20:00:00,26131,0.0
2023-06-30 21:00:00,26131,0.0
2023-06-30 22:00:00,26131,0.0
2023-06-30 23:00:00,26131,9.916641679714445
2023-07-01 00:00:00,26131,24.438350336306595
2023-06-30 01:00:00,26133,22.748558960829612
2023-06-30 02:00:00,26133,36.88858595004995
2023-06-30 03:00:00,26133,53.94547364057742
2023-06-30 04:00:00,26133,52.216540265910965
2023-06-30 05:00:00,26133,54.75958409203879
2023-06-30 06:00:00,26133,57.32272458510584
2023-06-30 07:00:00,26133,50.6974425122437
2023-06-30 08:00:00,26133,47.73110168730553
2023-06-30 09:00:00,26133,42.212457203786656
2023-06-30 10:00:00,26133,36.57491754986479
2023-06-30 11:00:00,26133,25.302385706844344
2023-06-30 12:00:00,26133,24.861445155369054
2023-06-30 13:00:00,26133,14.074292972407804
2023-06-30 14:00:00,26133,12.097783757137996
2023-06-30 15:00:00,26133,0.0
2023-06-30 16:00:00,26133,0.0
2023-06-30 17:00:00,26133,0.0
2023-06-30 18:00:00,26133,0.0
2023-06-30 19:00:00,26133,0.0
2023-06-30 20:00:00,26133,0.0
2023-06-30 21:00:00,26133,0.0
2023-06-30 22:00:00,26133,0.0
2023-06-30 23:00:00,26133,0.0
2023-07-01 00:00:00,26133,0.0
2023-06-30 01:00:00,26135,0.0
2023-06-30 02:00:00,26135,0.0
2023-06-30 03:00:00,26135,0.0
2023-06-30 04:00:00,26135,0.0
2023-06-30 05:00:00,26135,0.0
2023-06-30 06:00:00,26135,0.0
2023-06-30 07:00:00,26135,0.0
2023-06-30 08:00:00,26135,0.0
2023-06-30 09:00:00,26135,0.0
2023-06-30 10:00:00,26135,0.0
2023-06-30 11:00:00,26135,0.0
2023-06-30 12:00:00,26135,0.0
2023-06-30 13:00:00,26135,0.0
2023-06-30 14:00:00,26135,0.0
2023-06-30 15:00:00,26135,0.0
2023-06-30 16:00:00,26135,0.0
2023-06-30 17:00:00,26135,0.0
2023-06-30 18:00:00,26135,0.0
2023-06-30 19:00:00,26135,0.0
2023-06-30 20:00:00,26135,0.0
2023-06-30 21:00:00,26135,0.0
2023-06-30 22:00:00,26135,0.0
2023-06-30 23:00:00,26135,0.0
2023-07-01 00:00:00,26135,0.0
2023-06-30 01:00:00,26137,0.0
2023-06-30 02:00:00,26137,0.0
2023-06-30 03:00:00,26137,0.0
2023-06-30 04:00:00,26137,0.0
2023-06-30 05:00:00,26137,12.481224388316363
2023-06-30 06:00:00,26137,24.721267196839282
2023-06-30 07:00:00,26137,36.656894698304995
2023-06-30 08:00:00,26137,37.929831869604065
2023-06-30 09:00:00,26137,45.62829752286034
2023-06-30 10:00:00,26137,35.412788359053536
2023-06-30 11:00:00,26137,34.24040191569986
2023-06-30 12:00:00,26137,35.50213832896641
2023-06-30 13:00:00,26137,29.66019494993839
2023-06-30 14:00:00,26137,22.914481140589373
2023-06-30 15:00:00,26137,14.548714490131935
2023-06-30 16:00:00,26137,9.32379674433237
2023-06-30 17:00:00,26137,3.764231079842695
2023-06-30 18:00:00,26137,0.0
2023-06-30 19:00:00,26137,0.0
2023-06-30 20:00:00,26137,0.0
2023-06-30 21:00:00,26137,0.0
2023-06-30 22:00:00,26137,0.0
2023-06-30 23:00:00,26137,0.0
2023-07-01 00:00:00,26137,0.0
2023-06-30 01:00:00,26139,319.0431681793067
2023-06-30 02:00:00,26139,321.94035005182025
2023-06-30 03:00:00,26139,348.8247033160494
2023-06-30 04:00:00,26139,338.20689688991206
2023-06-30 05:00:00,26139,330.69152521633544
2023-06-30 06:00:00,26139,303.54517395615414
2023-06-30 07:00:00,26139,260.9612397814866
2023-06-30 08:00:00,26139,216.17696993199692
2023-06-30 09:00:00,26139,155.7886827995666
2023-06-30 10:00:00,26139,110.09545323956031
2023-06-30 11:00:00,26139,58.96765901385329
2023-06-30 12:00:00,26139,32.746077920472764
2023-06-30 13:00:00,26139,0.0
2023-06-30 14:00:00,26139,0.0
2023-06-30 15:00:00,26139,0.0
2023-06-30 16:00:00,26139,0.0
2023-06-30 17:00:00,26139,0.0
2023-06-30 18:00:00,26139,0.0
2023-06-30 19:00:00,26139,0.0
2023-06-30 20:00:00,26139,0.0
2023-06-30 21:00:00,26139,0.0
2023-06-30 22:00:00,26139,0.0
2023-06-30 23:00:00,26139,0.0
2023-07-01 00:00:00,26139,0.0
2023-06-30 01:00:00,26141,0.0
2023-06-30 02:00:00,26141,0.0
2023-06-30 03:00:00,26141,0.0
2023-06-30 04:00:00,26141,4.711267976209896
2023-06-30 05:00:00,26141,26.11204820385237
2023-06-30 06:00:00,26141,45.063596008383094
2023-06-30 07:00:00,26141,52.93991244652403
2023-06-30 08:00:00,26141,53.5270559130159
2023-06-30 09:00:00,26141,55.12171497779066
2023-06-30 10:00:00,26141,48.668070032228336
2023-06-30 11:00:00,26141,42.827865399032085
2023-06-30 12:00:00,26141,52.63708762015014
2023-06-30 13:00:00,26141,39.48516023409133
2023-06-30 14:00:00,26141,32.785192962362515
2023-06-30 15:00:00,26141,28.001647084833714
2023-06-30 16:00:00,26141,23.81436971975108
2023-06-30 17:00:00,26141,21.508280558138008
2023-06-30 18:00:00,26141,11.407137738381692
2023-06-30 19:00:00,26141,13.53309822328401
2023-06-30 20:00:00,26141,4.924850661869783
2023-06-30 21:00:00,26141,0.0
2023-06-30 22:00:00,26141,4.323352433278465
2023-06-30 23:00:00,26141,6.591782247186522
2023-07-01 00:00:00,26141,0.0
2023-06-30 01:00:00,26143,0.0
2023-06-30 02:00:00,26143,0.0
2023-06-30 03:00:00,26143,0.0
2023-06-30 04:00:00,26143,13.31416451363025
2023-06-30 05:00:00,26143,33.74853902505866
2023-06-30 06:00:00,26143,57.580032010907125
2023-06-30 07:00:00,26143,65.70698394316932
2023-06-30 08:00:00,26143,76.48720810010323
2023-06-30 09:00:00,26143,66.87633769030481
2023-06-30 10:00:00,26143,60.05208378822954
2023-06-30 11:00:00,26143,42.199436828023224
2023-06-30 12:00:00,26143,34.81019835982367
2023-06-30 13:00:00,26143,0.15691306087727952
2023-06-30 14:00:00,26143,0.0
2023-06-30 15:00:00,26143,0.0
2023-06-30 16:00:00,26143,0.0
2023-06-30 17:00:00,26143,0.0
2023-06-30 18:00:00,26143,0.0
2023-06-30 19:00:00,26143,0.0
2023-06-30 20:00:00,26143,0.0
2023-06-30 21:00:00,26143,0.0
2023-06-30 22:00:00,26143,0.0
2023-06-30 23:00:00,26143,0.0
2023-07-01 00:00:00,26143,0.0
2023-06-30 01:00:00,26145,159.35338132767902
2023-06-30 02:00:00,26145,143.23604988284723
2023-06-30 03:00:00,26145,154.4596474875559
2023-06-30 04:00:00,26145,142.28044730449486
2023-06-30 05:00:00,26145,145.43517921850713
2023-06-30 06:00:00,26145,145.45276885657262
2023-06-30 07:00:00,26145,114.28480631672117
2023-06-30 08:00:00,26145,126.0349406388324
2023-06-30 09:00:00,26145,110.45572407163169
2023-06-30 10:00:00,26145,97.18565631956196
2023-06-30 11:00:00,26145,69.4023175457116
2023-06-30 12:00:00,26145,84.51032051385454
2023-06-30 13:00:00,26145,57.602487441571604
2023-06-30 14:00:00,26145,45.77475653222424
2023-06-30 15:00:00,26145,22.808511995400806
2023-06-30 16:00:00,26145,17.749812959657895
2023-06-30 17:00:00,26145,7.276982891399939
2023-06-30 18:00:00,26145,0.0
2023-06-30 19:00:00,26145,0.0
2023-06-30 20:00:00,26145,0.0
2023-06-30 21:00:00,26145,0.0
2023-06-30 22:00:00,26145,0.0
2023-06-30 23:00:00,26145,0.0
2023-07-01 00:00:00,26145,0.0
2023-06-30 01:00:00,26147,34.933069731934964
2023-06-30 02:00:00,26147,38.77978879036447
2023-06-30 03:00:00,26147,40.66473079781966
2023-06-30 04:00:00,26147,44.27459628160835
2023-06-30 05:00:00,26147,55.79924627023452
2023-06-30 06:00:00,26147,57.24899637037912
2023-06-30 07:00:00,26147,52.29051109633514
2023-06-30 08:00:00,26147,54.43383208225537
2023-06-30 09:00:00,26147,56.07236415231998
2023-06-30 10:00:00,26147,43.982513939171795
2023-06-30 11:00:00,26147,38.60346783223878
2023-06-30 12:00:00,26147,39.15687423813449
2023-06-30 13:00:00,26147,33.252389923762415
2023-06-30 14:00:00,26147,22.875042611103016
2023-06-30 15:00:00,26147,16.35110650652793
2023-06-30 16:00:00,26147,20.915354750856782
2023-06-30 17:00:00,26147,20.832461054226197
2023-06-30 18:00:00,26147,19.016967790167612
2023-06-30 19:00:00,26147,19.48521608625649
2023-06-30 20:00:00,26147,19.368652722279037
2023-06-30 21:00:00,26147,18.38913227975253
2023-06-30 22:00:00,26147,19.68394529977216
2023-06-30 23:00:00,26147,23.57218533909118
2023-07-01 00:00:00,26147,24.41484357095314
2023-06-30 01:00:00,26149,30.86116960964222
2023-06-30 02:00:00,26149,65.92708355603585
2023-06-30 03:00:00,26149,104.35515235911623
2023-06-30 04:00:00,26149,124.32669699169894
2023-06-30 05:00:00,26149,154.21656003735546
2023-06-30 06:00:00,26149,171.75685276573785
2023-06-30 07:00:00,26149,169.06648729665517
2023-06-30 08:00:00,26149,186.1677534418422
2023-06-30 09:00:00,26149,192.41164363830447
2023-06-30 10:00:00,26149,194.11750156441295
2023-06-30 11:00:00,26149,187.64598392913808
2023-06-30 12:00:00,26149,201.23390520217407
2023-06-30 13:00:00,26149,198.56677692544767
2023-06-30 14:00:00,26149,190.82743052717015
2023-06-30 15:00:00,26149,178.8718411452638
2023-06-30 16:00:00,26149,178.3976083286377
2023-06-30 17:00:00,26149,174.3976707179402
2023-06-30 18:00:00,26149,166.18521023097483
2023-06-30 19:00:00,26149,160.2322971276607
2023-06-30 20:00:00,26149,161.37868325543707
2023-06-30 21:00:00,26149,146.03237775779354
2023-06-30 22:00:00,26149,142.052941173531
2023-06-30 23:00:00,26149,141.5818354036721
2023-07-01 00:00:00,26149,125.14119832400621
2023-06-30 01:00:00,26151,0.0
2023-06-30 02:00:00,26151,0.0
2023-06-30 03:00:00,26151,0.0
2023-06-30 04:00:00,26151,0.0
2023-06-30 05:00:00,26151,10.811340978680583
2023-06-30 06:00:00,26151,3.61812251537512
2023-06-30 07:00:00,26151,0.0
2023-06-30 08:00:00,26151,1.8871673432298763
2023-06-30 09:00:00,26151,0.0
2023-06-30 10:00:00,26151,0.0
2023-06-30 11:00:00,26151,0.0
2023-06-30 12:00:00,26151,0.0
2023-06-30 13:00:00,26151,0.0
2023-06-30 14:00:00,26151,0.0
2023-06-30 15:00:00,26151,0.0
2023-06-30 16:00:00,26151,0.0
2023-06-30 17:00:00,26151,0.0
2023-06-30 18:00:00,26151,0.0
2023-06-30 19:00:00,26151,0.0
2023-06-30 20:00:00,26151,0.0
2023-06-30 21:00:00,26151,0.0
2023-06-30 22:00:00,26151,0.0
2023-06-30 23:00:00,26151,0.0
2023-07-01 00:00:00,26151,0.0
2023-06-30 01:00:00,26153,0.0
2023-06-30 02:00:00,26153,0.0
2023-06-30 03:00:00,26153,0.0
2023-06-30 04:00:00,26153,0.0
2023-06-30 05:00:00,26153,0.0
2023-06-30 06:00:00,26153,0.0
2023-06-30 07:00:00,26153,0.0
2023-06-30 08:00:00,26153,0.0
2023-06-30 09:00:00,26153,0.0
2023-06-30 10:00:00,26153,0.0
2023-06-30 11:00:00,26153,0.0
2023-06-30 12:00:00,26153,0.0
2023-06-30 13:00:00,26153,0.0
2023-06-30 14:00:00,26153,0.0
2023-06-30 15:00:00,26153,0.0
2023-06-30 16:00:00,26153,0.0
2023-06-30 17:00:00,26153,0.0
2023-06-30 18:00:00,26153,0.0
2023-06-30 19:00:00,26153,0.0
2023-06-30 20:00:00,26153,0.0
2023-06-30 21:00:00,26153,0.0
2023-06-30 22:00:00,26153,0.0
2023-06-30 23:00:00,26153,0.0
2023-07-01 00:00:00,26153,0.0
2023-06-30 01:00:00,26155,17.740270075557984
2023-06-30 02:00:00,26155,44.97027657608686
2023-06-30 03:00:00,26155,78.37829637189395
2023-06-30 04:00:00,26155,91.85937912682549
2023-06-30 05:00:00,26155,117.79858250566768
2023-06-30 06:00:00,26155,127.66790602650538
2023-06-30 07:00:00,26155,123.46136093144983
2023-06-30 08:00:00,26155,138.94163746936323
2023-06-30 09:00:00,26155,140.81984015188914
2023-06-30 10:00:00,26155,138.31377500164845
2023-06-30 11:00:00,26155,126.80192973038798
2023-06-30 12:00:00,26155,139.79944570366632
2023-06-30 13:00:00,26155,132.10011741681907
2023-06-30 14:00:00,26155,122.61482758775352
2023-06-30 15:00:00,26155,106.55600022263312
2023-06-30 16:00:00,26155,106.76432623484813
2023-06-30 17:00:00,26155,98.5897137966858
2023-06-30 18:00:00,26155,89.25124690053033
2023-06-30 19:00:00,26155,83.01149464957464
2023-06-30 20:00:00,26155,85.04375156065976
2023-06-30 21:00:00,26155,68.566776040975
2023-06-30 22:00:00,26155,64.01457770961976
2023-06-30 23:00:00,26155,64.40190019195741
2023-07-01 00:00:00,26155,47.08771181495359
2023-06-30 01:00:00,26157,30.220125022365682
2023-06-30 02:00:00,26157,28.23944416496463
2023-06-30 03:00:00,26157,29.76011218134043
2023-06-30 04:00:00,26157,30.667427496574245
2023-06-30 05:00:00,26157,38.4383004568711
2023-06-30 06:00:00,26157,27.457662255189184
2023-06-30 07:00:00,26157,12.079897588775594
2023-06-30 08:00:00,26157,25.722650009436492
2023-06-30 09:00:00,26157,13.922712076097628
2023-06-30 10:00:00,26157,2.7809770513053422
2023-06-30 11:00:00,26157,0.0
2023-06-30 12:00:00,26157,0.0
2023-06-30 13:00:00,26157,0.0
2023-06-30 14:00:00,26157,0.0
2023-06-30 15:00:00,26157,0.0
2023-06-30 16:00:00,26157,0.0
2023-06-30 17:00:00,26157,0.0
2023-06-30 18:00:00,26157,0.0
2023-06-30 19:00:00,26157,0.0
2023-06-30 20:00:00,26157,0.0
2023-06-30 21:00:00,26157,0.0
2023-06-30 22:00:00,26157,0.0
2023-06-30 23:00:00,26157,0.0
2023-07-01 00:00:00,26157,0.0
2023-06-30 01:00:00,26159,0.0
2023-06-30 02:00:00,26159,0.0
2023-06-30 03:00:00,26159,4.236064696793967
2023-06-30 04:00:00,26159,7.108391938968175
2023-06-30 05:00:00,26159,29.491374860459025
2023-06-30 06:00:00,26159,55.57974645728669
2023-06-30 07:00:00,26159,58.84259062181505
2023-06-30 08:00:00,26159,58.80681828509024
2023-06-30 09:00:00,26159,52.27255753472344
2023-06-30 10:00:00,26159,39.62331639514231
2023-06-30 11:00:00,26159,28.419552623700604
2023-06-30 12:00:00,26159,27.09825405670876
2023-06-30 13:00:00,26159,0.0
2023-06-30 14:00:00,26159,0.0
2023-06-30 15:00:00,26159,0.0
2023-06-30 16:00:00,26159,0.0
2023-06-30 17:00:00,26159,0.0
2023-06-30 18:00:00,26159,0.0
2023-06-30 19:00:00,26159,0.0
2023-06-30 20:00:00,26159,0.0
2023-06-30 21:00:00,26159,0.0
2023-06-30 22:00:00,26159,0.0
2023-06-30 23:00:00,26159,0.0
2023-07-01 00:00:00,26159,0.0
2023-06-30 01:00:00,26161,18.887828845872058
2023-06-30 02:00:00,26161,38.9239564292524
2023-06-30 03:00:00,26161,58.56400040788698
2023-06-30 04:00:00,26161,71.38963663816803
2023-06-30 05:00:00,26161,91.64516294462226
2023-06-30 06:00:00,26161,93.38443444373027
2023-06-30 07:00:00,26161,83.42499266993775
2023-06-30 08:00:00,26161,90.6276327094944
2023-06-30 09:00:00,26161,82.72433201433648
2023-06-30 10:00:00,26161,72.66284338246427
2023-06-30 11:00:00,26161,54.782079958652844
2023-06-30 12:00:00,26161,50.88421616333476
2023-06-30 13:00:00,26161,43.46354548366489
2023-06-30 14:00:00,26161,19.90987442870255
2023-06-30 15:00:00,26161,12.067187221958903
2023-06-30 16:00:00,26161,8.661428932979476
2023-06-30 17:00:00,26161,0.0
2023-06-30 18:00:00,26161,0.0
2023-06-30 19:00:00,26161,0.0
2023-06-30 20:00:00,26161,0.0
2023-06-30 21:00:00,26161,0.8988049063961014
2023-06-30 22:00:00,26161,8.324220070816217
2023-06-30 23:00:00,26161,16.541883316627008
2023-07-01 00:00:00,26161,16.190036640717278
2023-06-30 01:00:00,26163,796.9261110163333
2023-06-30 02:00:00,26163,680.224617835132
2023-06-30 03:00:00,26163,637.7097752196398
2023-06-30 04:00:00,26163,573.5653657738048
2023-06-30 05:00:00,26163,535.8440701940366
2023-06-30 06:00:00,26163,511.92005975555844
2023-06-30 07:00:00,26163,458.60714725071966
2023-06-30 08:00:00,26163,437.2031321471111
2023-06-30 09:00:00,26163,416.66822038638713
2023-06-30 10:00:00,26163,378.95711466591206
2023-06-30 11:00:00,26163,332.0731676987443
2023-06-30 12:00:00,26163,318.46806114713854
2023-06-30 13:00:00,26163,295.41868029798707
2023-06-30 14:00:00,26163,253.3382141314891
2023-06-30 15:00:00,26163,225.2208204995424
2023-06-30 16:00:00,26163,215.70567546104
2023-06-30 17:00:00,26163,195.58393823308253
2023-06-30 18:00:00,26163,186.37974564681875
2023-06-30 19:00:00,26163,199.9829247514947
2023-06-30 20:00:00,26163,244.27363340046105
2023-06-30 21:00:00,26163,291.4258189784654
2023-06-30 22:00:00,26163,325.74480680361796
2023-06-30 23:00:00,26163,352.4993337124089
2023-07-01 00:00:00,26163,370.58929926067606
2023-06-30 01:00:00,26165,184.39847846814885
2023-06-30 02:00:00,26165,188.6604949466976
2023-06-30 03:00:00,26165,204.49286751554314
2023-06-30 04:00:00,26165,202.1267848834093
2023-06-30 05:00:00,26165,207.53055083418303
2023-06-30 06:00:00,26165,203.2626037496965
2023-06-30 07:00:00,26165,202.39619613678363
2023-06-30 08:00:00,26165,192.01724486479105
2023-06-30 09:00:00,26165,174.7032586675351
2023-06-30 10:00:00,26165,159.49674024757542
2023-06-30 11:00:00,26165,145.29337034334446
2023-06-30 12:00:00,26165,149.9859892489269
2023-06-30 13:00:00,26165,128.81394170938543
2023-06-30 14:00:00,26165,123.62390670942001
2023-06-30 15:00:00,26165,115.81057600206846
2023-06-30 16:00:00,26165,111.18648255236728
2023-06-30 17:00:00,26165,112.1041899066421
2023-06-30 18:00:00,26165,104.27514309355539
2023-06-30 19:00:00,26165,103.01920249972807
2023-06-30 20:00:00,26165,105.79424084722265
2023-06-30 21:00:00,26165,108.8347816396326
2023-06-30 22:00:00,26165,120.32999425696751
2023-06-30 23:00:00,26165,127.72090407774952
2023-07-01 00:00:00,26165,134.16321347878073
